estado,ano,materiais_construcao,consumo_intermediario,materiais_terceiros,numero_empresas_ativas,outros_custos_despesas,pessoal_ocupado,receita_bruta_total,receita_liquida,remuneracoes,custos_obras_servicos,custos_terceiros,custos_totais_despesas,gastos_pessoal,valor_adicionado,valor_bruto_producao,valor_obras_servicos
Acre,2007,75062000.0,102860000.0,34000.0,89,18982000.0,4230,279427000.0,254127000.0,41883000.0,92158000.0,50000.0,167193000.0,56002000.0,151794000.0,254655000.0,278969000.0
Acre,2008,154494000.0,215491000.0,0.0,113,31289000.0,5129,446819000.0,413260000.0,54418000.0,203471000.0,0.0,310690000.0,75930000.0,197500000.0,412991000.0,443351000.0
Acre,2009,151690000.0,223251000.0,4894000.0,131,34984000.0,6398,543075000.0,483182000.0,62213000.0,203152000.0,5129000.0,329485000.0,86220000.0,244349000.0,467599000.0,521595000.0
Acre,2010,232777000.0,312247000.0,3816000.0,149,69492000.0,6502,628673000.0,585984000.0,78055000.0,261823000.0,6249000.0,446763000.0,109200000.0,274928000.0,587176000.0,625113000.0
Acre,2011,187268000.0,296929000.0,586000.0,181,51628000.0,6818,643797000.0,545296000.0,95666000.0,268742000.0,854000.0,452621000.0,131397000.0,262792000.0,559721000.0,650487000.0
Acre,2012,216252000.0,347210000.0,1646000.0,149,101508000.0,6995,840751000.0,787651000.0,98757000.0,289706000.0,2870000.0,533357000.0,139272000.0,359737000.0,706947000.0,729792000.0
Acre,2013,202887000.0,350154000.0,847000.0,165,72865000.0,8298,754999000.0,698106000.0,134163000.0,303897000.0,1540000.0,563180000.0,184878000.0,290617000.0,640771000.0,686111000.0
Acre,2014,258519000.0,455044000.0,154000.0,182,85287000.0,8085,819144000.0,760318000.0,150761000.0,402861000.0,154000.0,688777000.0,200476000.0,322843000.0,777887000.0,832180000.0
Acre,2015,131213000.0,242378000.0,100000.0,161,69671000.0,5572,613621000.0,563283000.0,122558000.0,211217000.0,100000.0,444166000.0,163178000.0,335378000.0,577757000.0,598377000.0
Acre,2016,120678000.0,199240000.0,0.0,125,45969000.0,3446,505164000.0,465542000.0,81627000.0,181904000.0,0.0,333829000.0,105956000.0,275871000.0,475111000.0,509585000.0
Acre,2017,115622000.0,198962000.0,86000.0,110,51338000.0,3147,444003000.0,403243000.0,71403000.0,177495000.0,682000.0,327731000.0,98217000.0,213573000.0,412535000.0,431419000.0
Acre,2018,105723000.0,176153000.0,0.0,122,39143000.0,3064,449363000.0,406499000.0,64691000.0,156522000.0,1723000.0,286275000.0,88888000.0,234430000.0,410583000.0,433816000.0
Acre,2019,63548000.0,114945000.0,116000.0,111,29146000.0,2658,368178000.0,339155000.0,60688000.0,134856000.0,268000.0,249272000.0,85003000.0,202123000.0,317068000.0,349084000.0
Acre,2020,90294000.0,200720000.0,0.0,90,52692000.0,2696,434741000.0,409536000.0,66065000.0,160168000.0,1393000.0,309427000.0,95174000.0,209929000.0,410649000.0,404706000.0
Acre,2021,106878000.0,231321000.0,1233000.0,111,40816000.0,3201,594948000.0,558428000.0,91062000.0,198914000.0,1438000.0,367792000.0,126625000.0,292490000.0,523811000.0,550967000.0
Acre,2022,122508000.0,289007000.0,5442000.0,124,76380000.0,3741,585313000.0,536306000.0,109354000.0,238069000.0,8382000.0,470949000.0,148117000.0,290742000.0,579749000.0,594493000.0
Alagoas,2007,185430000.0,280098000.0,5483000.0,258,87132000.0,8847,614950000.0,569505000.0,76130000.0,255952000.0,6178000.0,457848000.0,108587000.0,321005000.0,601103000.0,639962000.0
Alagoas,2008,196240000.0,309128000.0,92000.0,265,50563000.0,11629,716260000.0,664392000.0,106608000.0,296786000.0,176000.0,498095000.0,150569000.0,307639000.0,616767000.0,667121000.0
Alagoas,2009,206326000.0,344380000.0,0.0,267,156718000.0,13790,894310000.0,839680000.0,154777000.0,262757000.0,0.0,632927000.0,213452000.0,479578000.0,823958000.0,881036000.0
Alagoas,2010,397459000.0,605532000.0,330000.0,297,142386000.0,22689,1310999000.0,1242484000.0,199773000.0,511467000.0,1161000.0,939403000.0,284389000.0,628254000.0,1233786000.0,1286570000.0
Alagoas,2011,551051000.0,978236000.0,8134000.0,346,244240000.0,26710,1930499000.0,1839413000.0,319772000.0,823777000.0,10819000.0,1539494000.0,460659000.0,817054000.0,1795290000.0,1889299000.0
Alagoas,2012,642294000.0,1105501000.0,12849000.0,390,291354000.0,26832,2222956000.0,2107671000.0,342704000.0,927932000.0,18695000.0,1747973000.0,509992000.0,1025895000.0,2131396000.0,2242246000.0
Alagoas,2013,610788000.0,1064724000.0,9968000.0,479,273379000.0,26331,2395468000.0,2292093000.0,401902000.0,883832000.0,13063000.0,1763215000.0,592941000.0,1010956000.0,2075680000.0,2165213000.0
Alagoas,2014,778941000.0,1270472000.0,49000.0,442,294857000.0,24445,2687680000.0,2554197000.0,394400000.0,1103318000.0,1110000.0,2044976000.0,645691000.0,1151652000.0,2422124000.0,2544270000.0
Alagoas,2015,482325000.0,936591000.0,285000.0,509,260134000.0,22256,2112126000.0,1997475000.0,382698000.0,778600000.0,4899000.0,1595844000.0,552210000.0,994770000.0,1931361000.0,2038545000.0
Alagoas,2016,547805000.0,966996000.0,21099000.0,432,238262000.0,17443,2134269000.0,2015984000.0,369962000.0,880186000.0,21193000.0,1670220000.0,530579000.0,1002937000.0,1969932000.0,2125754000.0
Alagoas,2017,458492000.0,760826000.0,2434000.0,409,241465000.0,15950,2212430000.0,2074085000.0,302068000.0,632396000.0,4857000.0,1323101000.0,444382000.0,1085549000.0,1846374000.0,1948220000.0
Alagoas,2018,514472000.0,764238000.0,5695000.0,422,191564000.0,13448,1889812000.0,1784107000.0,303045000.0,688070000.0,8179000.0,1312333000.0,424520000.0,869138000.0,1633376000.0,1740765000.0
Alagoas,2019,496291000.0,810141000.0,37000.0,291,208703000.0,13062,1812985000.0,1691523000.0,264628000.0,711264000.0,7758000.0,1325151000.0,397426000.0,807805000.0,1617945000.0,1748587000.0
Alagoas,2020,568124000.0,958759000.0,2519000.0,364,266226000.0,15653,2386231000.0,2258425000.0,339828000.0,815991000.0,5483000.0,1574240000.0,486541000.0,1096099000.0,2054858000.0,2147755000.0
Alagoas,2021,752424000.0,1248272000.0,19872000.0,444,316465000.0,16477,3253995000.0,3033386000.0,359539000.0,1093506000.0,31931000.0,1955944000.0,514042000.0,1894488000.0,3142761000.0,3376185000.0
Alagoas,2022,941401000.0,1749619000.0,4490000.0,474,461682000.0,20333,3709465000.0,3468948000.0,540249000.0,1525954000.0,9665000.0,2771612000.0,774312000.0,1554820000.0,3304438000.0,3546869000.0
Amapá,2007,25980000.0,46176000.0,2046000.0,60,10099000.0,2170,123408000.0,111823000.0,18412000.0,38158000.0,2901000.0,75490000.0,24331000.0,64070000.0,110246000.0,115204000.0
Amapá,2008,44782000.0,75329000.0,3703000.0,62,12984000.0,1965,163192000.0,148865000.0,22761000.0,65399000.0,3703000.0,113632000.0,31546000.0,70686000.0,146016000.0,158798000.0
Amapá,2009,33816000.0,46712000.0,68000.0,96,7501000.0,2545,147674000.0,135917000.0,28909000.0,42902000.0,195000.0,87295000.0,36697000.0,83362000.0,130074000.0,137079000.0
Amapá,2010,43828000.0,68278000.0,1000.0,133,10957000.0,3945,195166000.0,183987000.0,37780000.0,62236000.0,18000.0,120948000.0,47738000.0,88890000.0,157169000.0,163378000.0
Amapá,2011,57878000.0,91064000.0,34000.0,110,18245000.0,3916,199393000.0,186347000.0,36329000.0,79355000.0,42000.0,145767000.0,48125000.0,88052000.0,179116000.0,183115000.0
Amapá,2012,41146000.0,92133000.0,1364000.0,108,20201000.0,4064,274958000.0,240926000.0,52055000.0,77379000.0,1688000.0,165123000.0,65855000.0,148447000.0,240581000.0,266965000.0
Amapá,2013,86170000.0,133105000.0,73000.0,131,45247000.0,4601,324998000.0,301198000.0,68955000.0,108739000.0,78000.0,249834000.0,95770000.0,173924000.0,307030000.0,319320000.0
Amapá,2014,77188000.0,119106000.0,51000.0,136,31724000.0,5412,375386000.0,350762000.0,95316000.0,101545000.0,69000.0,254490000.0,121152000.0,229957000.0,349063000.0,359147000.0
Amapá,2015,47472000.0,93746000.0,78000.0,147,41555000.0,4109,344393000.0,325592000.0,74403000.0,82608000.0,78000.0,225624000.0,101382000.0,246087000.0,339832000.0,356114000.0
Amapá,2016,86117000.0,123653000.0,30000.0,143,21969000.0,2998,315182000.0,286630000.0,66335000.0,115385000.0,45000.0,226406000.0,89006000.0,160373000.0,284026000.0,312659000.0
Amapá,2017,65899000.0,141754000.0,8252000.0,119,42738000.0,2264,332126000.0,304915000.0,56031000.0,110336000.0,19672000.0,246809000.0,74063000.0,168919000.0,310673000.0,328745000.0
Amapá,2018,39856000.0,88269000.0,8000.0,106,28869000.0,2577,278864000.0,254523000.0,41661000.0,67536000.0,2419000.0,152439000.0,53616000.0,152978000.0,241247000.0,268795000.0
Amapá,2019,7506000.0,26049000.0,76000.0,30,5466000.0,741,88263000.0,84586000.0,15902000.0,23735000.0,111000.0,51579000.0,22267000.0,56917000.0,82966000.0,88054000.0
Amapá,2020,13590000.0,29024000.0,2987000.0,42,9341000.0,1057,90861000.0,86349000.0,36296000.0,17515000.0,4187000.0,74749000.0,43705000.0,56858000.0,85883000.0,90372000.0
Amapá,2021,67208000.0,134467000.0,3898000.0,102,33750000.0,2744,342551000.0,302983000.0,65512000.0,111320000.0,4898000.0,234998000.0,85030000.0,176984000.0,311451000.0,346395000.0
Amapá,2022,157174000.0,297420000.0,0.0,105,87358000.0,3611,629343000.0,586640000.0,85418000.0,231797000.0,0.0,429442000.0,110287000.0,270643000.0,568063000.0,598703000.0
Amazonas,2007,380471000.0,598369000.0,8017000.0,245,144195000.0,13778,1218224000.0,1128228000.0,152835000.0,499196000.0,12000000.0,878903000.0,223512000.0,539719000.0,1138088000.0,1195443000.0
Amazonas,2008,369188000.0,681823000.0,7293000.0,323,181200000.0,15766,1420958000.0,1311214000.0,182269000.0,544377000.0,31565000.0,1026782000.0,269641000.0,593313000.0,1275136000.0,1359181000.0
Amazonas,2009,673719000.0,1194979000.0,17393000.0,372,297676000.0,19103,2249937000.0,2100292000.0,243823000.0,975297000.0,25576000.0,1659762000.0,361213000.0,939165000.0,2134144000.0,2232300000.0
Amazonas,2010,761559000.0,1508534000.0,21644000.0,418,430691000.0,22293,2849792000.0,2656611000.0,313135000.0,1224541000.0,26454000.0,2159886000.0,478201000.0,1346302000.0,2854836000.0,2756604000.0
Amazonas,2011,752764000.0,1325689000.0,31741000.0,464,368398000.0,22662,2642073000.0,2456935000.0,360715000.0,1080224000.0,34321000.0,2036113000.0,553170000.0,1187959000.0,2513648000.0,2627820000.0
Amazonas,2012,796204000.0,1360826000.0,5449000.0,498,428526000.0,24261,2960795000.0,2776868000.0,452177000.0,1121629000.0,6486000.0,2232917000.0,676277000.0,1490864000.0,2851690000.0,2974236000.0
Amazonas,2013,1008996000.0,1544291000.0,10090000.0,595,401736000.0,30573,3399804000.0,3159294000.0,548225000.0,1317602000.0,17228000.0,2562531000.0,825965000.0,1649481000.0,3193772000.0,3389503000.0
Amazonas,2014,1161796000.0,1736901000.0,24344000.0,632,393504000.0,25538,3670803000.0,3402193000.0,495482000.0,1493749000.0,29330000.0,2644290000.0,727707000.0,1811621000.0,3548521000.0,3716653000.0
Amazonas,2015,662770000.0,1248366000.0,16055000.0,572,459025000.0,20307,3032452000.0,2742706000.0,481300000.0,983973000.0,23340000.0,2164553000.0,698215000.0,1512822000.0,2761188000.0,2939056000.0
Amazonas,2016,520116000.0,974767000.0,1002000.0,464,302370000.0,13772,2529675000.0,2289622000.0,331938000.0,811098000.0,2575000.0,1597605000.0,481562000.0,1358842000.0,2333610000.0,2521460000.0
Amazonas,2017,464349000.0,821551000.0,4230000.0,415,260170000.0,12581,2179296000.0,2006299000.0,315165000.0,699872000.0,4604000.0,1424583000.0,459937000.0,1214991000.0,2036542000.0,2129036000.0
Amazonas,2018,651284000.0,1285616000.0,14751000.0,436,389083000.0,13843,2964095000.0,2739876000.0,354999000.0,1046321000.0,36800000.0,1991401000.0,519197000.0,1265268000.0,2550884000.0,2659667000.0
Amazonas,2019,707106000.0,1186406000.0,363000.0,416,323517000.0,15588,2798468000.0,2605217000.0,395311000.0,1009677000.0,12058000.0,1920112000.0,574859000.0,1523109000.0,2709516000.0,2836456000.0
Amazonas,2020,685616000.0,1351675000.0,1495000.0,438,466548000.0,17767,3719571000.0,3428750000.0,444657000.0,1012843000.0,86726000.0,2235335000.0,669218000.0,1788905000.0,3140580000.0,3368097000.0
Amazonas,2021,714360000.0,1354397000.0,10000.0,395,419563000.0,17872,3416610000.0,3124114000.0,472981000.0,1165855000.0,17159000.0,2328559000.0,725982000.0,1796866000.0,3151263000.0,3382566000.0
Amazonas,2022,964549000.0,1829428000.0,3425000.0,440,828879000.0,18077,4584240000.0,4200755000.0,600223000.0,1474893000.0,65409000.0,3291136000.0,921955000.0,1842798000.0,3672226000.0,4063373000.0
Bahia,2007,1055790000.0,2361107000.0,54188000.0,1188,962458000.0,79136,5480696000.0,5073027000.0,896681000.0,1673501000.0,88143000.0,4137044000.0,1412941000.0,2714264000.0,5075371000.0,5309999000.0
Bahia,2008,1241117000.0,2877006000.0,41489000.0,1209,1263203000.0,78291,6445692000.0,5946672000.0,1106275000.0,2017716000.0,136621000.0,5185482000.0,1767942000.0,3289176000.0,6166182000.0,6507631000.0
Bahia,2009,1314799000.0,3020435000.0,163404000.0,1325,1071845000.0,96614,7600777000.0,7048532000.0,1396162000.0,2163988000.0,183390000.0,5595585000.0,2176362000.0,4149476000.0,7169910000.0,7608119000.0
Bahia,2010,2177714000.0,4641819000.0,31602000.0,1583,1842822000.0,130499,11178047000.0,10459029000.0,2034820000.0,3535334000.0,111296000.0,8717469000.0,3228017000.0,5920534000.0,10562353000.0,11164253000.0
Bahia,2011,2541116000.0,5116846000.0,86173000.0,2100,1937191000.0,136758,11779965000.0,10897262000.0,2340160000.0,3748120000.0,180954000.0,9512408000.0,3646143000.0,5724273000.0,10841118000.0,11524682000.0
Bahia,2012,2948228000.0,6443215000.0,49015000.0,2074,2589349000.0,149748,13994626000.0,12945224000.0,2948901000.0,4618535000.0,167592000.0,12026644000.0,4651168000.0,7229959000.0,13673174000.0,14588675000.0
Bahia,2013,3216939000.0,6653759000.0,79226000.0,2471,2592458000.0,155109,14737758000.0,13689008000.0,3184773000.0,4910066000.0,183908000.0,12628806000.0,4942374000.0,7361128000.0,14014886000.0,14851509000.0
Bahia,2014,3452048000.0,7524187000.0,70428000.0,2709,2614778000.0,145981,16951135000.0,15765934000.0,3310157000.0,5809362000.0,140220000.0,13627831000.0,5063470000.0,8205949000.0,15730136000.0,16583082000.0
Bahia,2015,2507562000.0,5545282000.0,28314000.0,2824,2020476000.0,113267,13442230000.0,12291814000.0,2922838000.0,4334887000.0,74997000.0,10828311000.0,4397951000.0,7376433000.0,12921715000.0,13622046000.0
Bahia,2016,2133095000.0,4645424000.0,59663000.0,2313,2086564000.0,90652,12148270000.0,11178223000.0,2506763000.0,3445377000.0,117876000.0,9501401000.0,3851583000.0,6411391000.0,11056815000.0,11853313000.0
Bahia,2017,1907333000.0,3987300000.0,68798000.0,2150,1648169000.0,84886,10156716000.0,9283929000.0,2219108000.0,2933058000.0,116004000.0,8049089000.0,3351858000.0,5441030000.0,9428330000.0,10152681000.0
Bahia,2018,2322713000.0,4545649000.0,6219000.0,2251,1589993000.0,85689,10798310000.0,9901345000.0,2247853000.0,3561052000.0,29258000.0,8622957000.0,3442655000.0,5184444000.0,9730093000.0,10476209000.0
Bahia,2019,1997521000.0,4113156000.0,12663000.0,2010,1483454000.0,79518,10313986000.0,9470333000.0,2250913000.0,3177411000.0,97001000.0,8200964000.0,3443098000.0,5620286000.0,9733442000.0,10491856000.0
Bahia,2020,2483470000.0,5298544000.0,30460000.0,2174,1569942000.0,80129,11658549000.0,10652191000.0,2220118000.0,4178548000.0,107441000.0,9283589000.0,3427658000.0,5191858000.0,10490402000.0,11271911000.0
Bahia,2021,3299437000.0,6613629000.0,54600000.0,2180,1870077000.0,91437,14147831000.0,12930272000.0,2457198000.0,5172759000.0,214198000.0,11066548000.0,3809514000.0,6401600000.0,13015229000.0,13849824000.0
Bahia,2022,4006184000.0,8770638000.0,35308000.0,2319,2655821000.0,109361,19766502000.0,18159955000.0,3183460000.0,6922689000.0,270531000.0,14726665000.0,4877625000.0,8012772000.0,16783410000.0,18067540000.0
Ceará,2007,545232000.0,1024132000.0,24014000.0,560,362874000.0,36746,2314742000.0,2191131000.0,317559000.0,800391000.0,38297000.0,1678784000.0,477221000.0,1167574000.0,2191706000.0,2198187000.0
Ceará,2008,834046000.0,1614572000.0,12499000.0,691,567966000.0,45257,3407378000.0,3207244000.0,485523000.0,1342532000.0,20617000.0,2657545000.0,726430000.0,1414343000.0,3028915000.0,3127389000.0
Ceará,2009,965639000.0,2087711000.0,24238000.0,807,801841000.0,56530,4226901000.0,3966729000.0,606793000.0,1569309000.0,32583000.0,3302540000.0,898807000.0,1910768000.0,3998479000.0,4156254000.0
Ceará,2010,1530165000.0,3282536000.0,42500000.0,875,1339430000.0,78223,6109017000.0,5717470000.0,903549000.0,2440946000.0,54315000.0,5288540000.0,1453848000.0,2790852000.0,6073388000.0,6333932000.0
Ceará,2011,1431381000.0,3255701000.0,59805000.0,1323,1304333000.0,90339,7202517000.0,6730748000.0,1135405000.0,2345700000.0,100485000.0,5504916000.0,1754399000.0,3316956000.0,6572657000.0,6871672000.0
Ceará,2012,1358695000.0,3300760000.0,57681000.0,1259,1348997000.0,86019,7817295000.0,7253514000.0,1306519000.0,2449957000.0,125034000.0,5936873000.0,2012884000.0,3995019000.0,7295780000.0,7822403000.0
Ceará,2013,1627833000.0,4131127000.0,89633000.0,1423,1573368000.0,92412,8870018000.0,8221027000.0,1602803000.0,3005332000.0,125786000.0,7042129000.0,2337642000.0,4273114000.0,8404241000.0,8786563000.0
Ceará,2014,2103242000.0,5244933000.0,81175000.0,1601,1928770000.0,106539,11180213000.0,10305147000.0,1976401000.0,3890493000.0,154330000.0,8946123000.0,2972529000.0,5405326000.0,10650259000.0,11266154000.0
Ceará,2015,2159096000.0,6115239000.0,79125000.0,1846,1971826000.0,100764,13158543000.0,12343042000.0,2411603000.0,4739161000.0,165315000.0,10518558000.0,3642257000.0,5699983000.0,11815222000.0,12490292000.0
Ceará,2016,2403954000.0,5484518000.0,33075000.0,1656,1664789000.0,70373,10231890000.0,9402935000.0,1897377000.0,4474336000.0,151336000.0,9238147000.0,2947686000.0,5396047000.0,10880565000.0,11482185000.0
Ceará,2017,1462608000.0,3298269000.0,29094000.0,1569,1516189000.0,63022,7851103000.0,7144354000.0,1474723000.0,2339880000.0,74860000.0,6136482000.0,2205552000.0,3502285000.0,6800554000.0,7285349000.0
Ceará,2018,1642464000.0,3375438000.0,30256000.0,1443,1363617000.0,57826,8256843000.0,7583618000.0,1472649000.0,2656237000.0,72899000.0,6323577000.0,2230824000.0,3880397000.0,7255835000.0,7816780000.0
Ceará,2019,1554044000.0,3013593000.0,6655000.0,1537,1454815000.0,48423,7179532000.0,6662527000.0,1180177000.0,2393298000.0,22088000.0,5632568000.0,1762366000.0,3582097000.0,6595690000.0,7055765000.0
Ceará,2020,1610685000.0,3336782000.0,10002000.0,1524,1232055000.0,52456,7301396000.0,6778598000.0,1155754000.0,2536659000.0,27430000.0,5526612000.0,1730467000.0,3431208000.0,6767990000.0,7135121000.0
Ceará,2021,2101084000.0,4205476000.0,21372000.0,1333,1491376000.0,56146,8874858000.0,8219903000.0,1411808000.0,3114402000.0,99475000.0,6825956000.0,2120703000.0,4003566000.0,8209042000.0,8757018000.0
Ceará,2022,2651647000.0,5713996000.0,76519000.0,1386,2043408000.0,61368,11855203000.0,10985834000.0,1743766000.0,4228391000.0,159838000.0,9013162000.0,2581525000.0,4779168000.0,10493164000.0,11041843000.0
Distrito Federal,2007,686313000.0,1736731000.0,100625000.0,514,525290000.0,36154,3266547000.0,3071817000.0,440989000.0,1086233000.0,371853000.0,2636961000.0,653585000.0,1486780000.0,3223511000.0,3271971000.0
Distrito Federal,2008,898028000.0,1948982000.0,29931000.0,611,676300000.0,38907,3868241000.0,3611921000.0,436471000.0,1398553000.0,161187000.0,2880034000.0,643994000.0,1828685000.0,3777667000.0,3914639000.0
Distrito Federal,2009,1178877000.0,2238551000.0,80621000.0,792,838237000.0,50539,5472182000.0,5165718000.0,598568000.0,1672525000.0,159804000.0,3559939000.0,889375000.0,3489485000.0,5728037000.0,5909849000.0
Distrito Federal,2010,1966383000.0,3905421000.0,287447000.0,952,1284774000.0,59244,7694871000.0,7292834000.0,825181000.0,2724765000.0,469591000.0,5713198000.0,1234067000.0,3469878000.0,7375299000.0,7640372000.0
Distrito Federal,2011,1868249000.0,3755258000.0,63126000.0,1127,1429952000.0,59431,7977444000.0,7552050000.0,960014000.0,2898367000.0,151394000.0,5921257000.0,1441545000.0,3626489000.0,7381747000.0,7759327000.0
Distrito Federal,2012,2689486000.0,5088860000.0,110031000.0,1227,1518498000.0,75928,9634012000.0,9055592000.0,1265311000.0,4065022000.0,288579000.0,7760324000.0,1888226000.0,4295452000.0,9384312000.0,9841919000.0
Distrito Federal,2013,2293821000.0,5586835000.0,100048000.0,1396,1774675000.0,64251,11167313000.0,10330753000.0,1481845000.0,4572893000.0,155668000.0,8711063000.0,2207828000.0,4705874000.0,10292709000.0,11014263000.0
Distrito Federal,2014,1946910000.0,4529264000.0,8342000.0,1313,1787902000.0,53188,9954553000.0,9333557000.0,1443565000.0,3290853000.0,83704000.0,7228051000.0,2065591000.0,4329893000.0,8859157000.0,9376989000.0
Distrito Federal,2015,1486288000.0,3373189000.0,48930000.0,1318,1564426000.0,42079,6400899000.0,5886522000.0,1175547000.0,2379114000.0,88019000.0,5754534000.0,1722974000.0,3508346000.0,6881535000.0,7338301000.0
Distrito Federal,2016,1120469000.0,2681013000.0,2287000.0,1017,1133599000.0,37012,5264790000.0,4773543000.0,1089370000.0,2123000000.0,54288000.0,4866758000.0,1555870000.0,3699983000.0,6380996000.0,6639095000.0
Distrito Federal,2017,1075659000.0,1938863000.0,27324000.0,825,890024000.0,30593,4863162000.0,4491076000.0,1009783000.0,1541658000.0,68536000.0,3985340000.0,1485122000.0,2470579000.0,4409442000.0,4585088000.0
Distrito Federal,2018,1470722000.0,2878356000.0,2374000.0,879,1014694000.0,35800,6326135000.0,5884887000.0,1212346000.0,2293841000.0,41953000.0,5160407000.0,1809918000.0,3133576000.0,6011932000.0,6256653000.0
Distrito Federal,2019,1417242000.0,3143342000.0,15399000.0,879,858786000.0,37183,6650451000.0,6265402000.0,1150537000.0,2464748000.0,180157000.0,5224602000.0,1720911000.0,3072286000.0,6215628000.0,6519725000.0
Distrito Federal,2020,1528338000.0,2923849000.0,70531000.0,898,819977000.0,35477,6365201000.0,5922316000.0,1238475000.0,2287968000.0,249221000.0,5178470000.0,1821305000.0,3540986000.0,6464834000.0,6326642000.0
Distrito Federal,2021,1871914000.0,4054878000.0,170793000.0,1002,1441525000.0,43903,7943718000.0,7415079000.0,1353311000.0,2719163000.0,355883000.0,6545727000.0,2029156000.0,2966414000.0,7021292000.0,7327137000.0
Distrito Federal,2022,2025658000.0,4566666000.0,125831000.0,1229,1455305000.0,48577,9857177000.0,9153322000.0,1661557000.0,3438302000.0,437986000.0,7825991000.0,2494397000.0,4086211000.0,8652877000.0,9253039000.0
Espírito Santo,2007,544332000.0,1093551000.0,639000.0,788,370428000.0,38329,2402627000.0,2212954000.0,344035000.0,840204000.0,11969000.0,1748214000.0,525614000.0,1007151000.0,2100701000.0,2256873000.0
Espírito Santo,2008,788840000.0,1315891000.0,22522000.0,886,382244000.0,40855,2987975000.0,2766217000.0,422767000.0,1051825000.0,34407000.0,2111135000.0,642658000.0,1477729000.0,2793619000.0,2941151000.0
Espírito Santo,2009,714987000.0,1308929000.0,33187000.0,1042,413756000.0,42748,2958701000.0,2726963000.0,495552000.0,996934000.0,49145000.0,2205648000.0,745813000.0,1470160000.0,2779089000.0,2948148000.0
Espírito Santo,2010,953828000.0,1653474000.0,11185000.0,1161,466619000.0,42716,3510895000.0,3230141000.0,567231000.0,1317359000.0,41711000.0,2663980000.0,838290000.0,1579130000.0,3232604000.0,3396207000.0
Espírito Santo,2011,1046052000.0,1920080000.0,59574000.0,1193,577279000.0,44685,4010134000.0,3673648000.0,617148000.0,1536089000.0,108573000.0,3154567000.0,932626000.0,1841416000.0,3761496000.0,4027142000.0
Espírito Santo,2012,1136076000.0,2202840000.0,66834000.0,1457,694660000.0,51699,5179461000.0,4784629000.0,793084000.0,1700740000.0,79738000.0,3654454000.0,1179317000.0,2675237000.0,4878077000.0,5203230000.0
Espírito Santo,2013,1041813000.0,2233972000.0,86546000.0,1394,818478000.0,51535,5239484000.0,4817842000.0,938086000.0,1672305000.0,91525000.0,3984971000.0,1402662000.0,2569193000.0,4803165000.0,5053150000.0
Espírito Santo,2014,1341674000.0,2539745000.0,11689000.0,1431,886677000.0,49193,5942070000.0,5419280000.0,1147387000.0,1971394000.0,25133000.0,4595591000.0,1712387000.0,2748418000.0,5288163000.0,5535059000.0
Espírito Santo,2015,1049693000.0,2120994000.0,15790000.0,1556,777941000.0,40964,5449259000.0,4964947000.0,981038000.0,1627962000.0,36706000.0,3931758000.0,1489149000.0,2723068000.0,4844062000.0,5130663000.0
Espírito Santo,2016,930071000.0,1915562000.0,14313000.0,1147,797982000.0,32486,4383546000.0,4031107000.0,816620000.0,1440274000.0,35664000.0,3517111000.0,1243191000.0,2077679000.0,3993241000.0,4183079000.0
Espírito Santo,2017,894048000.0,1758607000.0,12886000.0,1081,710038000.0,28854,4175823000.0,3884596000.0,716307000.0,1353950000.0,36459000.0,3230702000.0,1130255000.0,1964913000.0,3723520000.0,3931791000.0
Espírito Santo,2018,801797000.0,1755849000.0,689000.0,976,586897000.0,30481,4178546000.0,3837309000.0,782660000.0,1521649000.0,28497000.0,3336944000.0,1199901000.0,1852539000.0,3608387000.0,3888049000.0
Espírito Santo,2019,804119000.0,1974125000.0,28357000.0,1142,642942000.0,32285,5057865000.0,4654804000.0,833649000.0,1443150000.0,173775000.0,3525387000.0,1265521000.0,2314115000.0,4288240000.0,4580936000.0
Espírito Santo,2020,985104000.0,2287018000.0,12610000.0,1153,768678000.0,36637,6237110000.0,5752158000.0,919093000.0,1745205000.0,198396000.0,4110790000.0,1398511000.0,3159768000.0,5446787000.0,5749356000.0
Espírito Santo,2021,1338071000.0,2713059000.0,2862000.0,1177,908904000.0,34910,6198002000.0,5714880000.0,1019589000.0,2165513000.0,16813000.0,4648046000.0,1556816000.0,2651105000.0,5364164000.0,5680663000.0
Espírito Santo,2022,1401600000.0,3188419000.0,534000.0,1226,1224673000.0,37928,6990520000.0,6384316000.0,1250934000.0,2389264000.0,3302000.0,5490075000.0,1872836000.0,3019912000.0,6208330000.0,6451381000.0
Goiás,2007,710577000.0,1440219000.0,33130000.0,786,492976000.0,35767,2892820000.0,2697157000.0,424133000.0,1092188000.0,70375000.0,2299747000.0,644207000.0,1305084000.0,2745303000.0,2903243000.0
Goiás,2008,937228000.0,1829943000.0,27658000.0,879,575664000.0,42497,3598853000.0,3346474000.0,515845000.0,1453493000.0,58463000.0,2865244000.0,777625000.0,1716506000.0,3546449000.0,3740354000.0
Goiás,2009,1105212000.0,2052759000.0,59158000.0,1030,681433000.0,52968,4943584000.0,4603744000.0,651399000.0,1643697000.0,118815000.0,3403059000.0,959115000.0,2317999000.0,4370758000.0,4730445000.0
Goiás,2010,1495040000.0,2847778000.0,53124000.0,1319,943183000.0,70898,6382243000.0,5976044000.0,1009791000.0,2271435000.0,114726000.0,4822204000.0,1492860000.0,3391991000.0,6239769000.0,6431352000.0
Goiás,2011,1859812000.0,3354800000.0,60931000.0,1753,1408966000.0,77603,7694012000.0,7133640000.0,1301696000.0,2636074000.0,93223000.0,6022930000.0,1884667000.0,3946651000.0,7301451000.0,7730071000.0
Goiás,2012,2023068000.0,3621034000.0,84246000.0,1743,1192406000.0,82408,8360222000.0,7745006000.0,1472684000.0,2906953000.0,164310000.0,6413860000.0,2150191000.0,4257581000.0,7878615000.0,8441924000.0
Goiás,2013,2195338000.0,4151667000.0,168258000.0,2020,1437709000.0,84085,9286555000.0,8665211000.0,1673130000.0,3144385000.0,205443000.0,7262192000.0,2474655000.0,4544803000.0,8696470000.0,9176171000.0
Goiás,2014,2704016000.0,5000359000.0,107275000.0,2052,2002957000.0,77845,11692204000.0,10865179000.0,1962547000.0,4022093000.0,159900000.0,9077286000.0,2892337000.0,5797259000.0,10797618000.0,11591901000.0
Goiás,2015,2271677000.0,4054768000.0,86776000.0,2040,1932467000.0,62647,9429720000.0,8633760000.0,1726876000.0,3331304000.0,132293000.0,7879032000.0,2482968000.0,4845061000.0,8899830000.0,9668620000.0
Goiás,2016,2008150000.0,3896162000.0,62493000.0,1779,1397762000.0,56882,8879224000.0,8085667000.0,1564196000.0,3207528000.0,186618000.0,7100520000.0,2308612000.0,3981057000.0,7877219000.0,8740648000.0
Goiás,2017,1761118000.0,3563019000.0,89205000.0,1828,1600931000.0,52586,8038268000.0,7372413000.0,1440717000.0,2572092000.0,219413000.0,6507257000.0,2114820000.0,3746111000.0,7309129000.0,7804325000.0
Goiás,2018,1678475000.0,3393714000.0,29843000.0,1804,1815851000.0,48987,8251469000.0,7563636000.0,1402719000.0,2516734000.0,86467000.0,6449270000.0,2030218000.0,4053335000.0,7447049000.0,7905723000.0
Goiás,2019,1761779000.0,3556737000.0,19033000.0,1738,1561283000.0,47952,8133782000.0,7409956000.0,1272967000.0,2929302000.0,55805000.0,6436821000.0,1890431000.0,3859354000.0,7416090000.0,8055730000.0
Goiás,2020,1895499000.0,4330315000.0,50610000.0,1964,2053178000.0,52263,9723039000.0,8978060000.0,1431110000.0,3090886000.0,166765000.0,7412951000.0,2102122000.0,4126316000.0,8456631000.0,8945503000.0
Goiás,2021,2517084000.0,5184686000.0,93883000.0,2176,1928647000.0,56759,11812827000.0,10950650000.0,1711830000.0,3982434000.0,182572000.0,8538430000.0,2444777000.0,5358269000.0,10542955000.0,11180543000.0
Goiás,2022,2641245000.0,5949902000.0,10510000.0,2274,2871492000.0,62050,13101894000.0,12036618000.0,1969050000.0,4576750000.0,105923000.0,10439379000.0,2885214000.0,5669037000.0,11618939000.0,12513894000.0
Maranhão,2007,249518000.0,365858000.0,244000.0,290,129045000.0,24117,898135000.0,812292000.0,141736000.0,314860000.0,245000.0,633880000.0,189730000.0,445677000.0,811535000.0,865388000.0
Maranhão,2008,298656000.0,497606000.0,13406000.0,313,162978000.0,21087,1179721000.0,1094402000.0,174418000.0,387364000.0,17798000.0,814707000.0,246568000.0,568420000.0,1066025000.0,1065481000.0
Maranhão,2009,368541000.0,658895000.0,1808000.0,420,246271000.0,25874,1542799000.0,1426424000.0,225542000.0,510127000.0,1946000.0,1077636000.0,319293000.0,792659000.0,1451554000.0,1423264000.0
Maranhão,2010,690180000.0,1160272000.0,819000.0,430,432216000.0,40387,2662420000.0,2453780000.0,447336000.0,933871000.0,819000.0,2004790000.0,637884000.0,1228891000.0,2389163000.0,2424713000.0
Maranhão,2011,591489000.0,1083375000.0,34793000.0,489,403353000.0,42203,2512242000.0,2339406000.0,478012000.0,829818000.0,37794000.0,1947864000.0,676900000.0,1275061000.0,2358437000.0,2419707000.0
Maranhão,2012,829697000.0,1416292000.0,22383000.0,546,428851000.0,46989,3263912000.0,3036737000.0,503536000.0,1154318000.0,22892000.0,2310663000.0,704601000.0,1576253000.0,2992545000.0,3155779000.0
Maranhão,2013,876747000.0,1627519000.0,1381000.0,611,508323000.0,40557,3573078000.0,3367302000.0,604816000.0,1296341000.0,30829000.0,2726633000.0,891140000.0,1886481000.0,3514001000.0,3591794000.0
Maranhão,2014,950609000.0,1725468000.0,3264000.0,628,551734000.0,39685,4214333000.0,3962709000.0,718417000.0,1406777000.0,30116000.0,3006562000.0,1017934000.0,2181245000.0,3906713000.0,4025940000.0
Maranhão,2015,817891000.0,1555503000.0,52627000.0,653,505546000.0,35564,3708444000.0,3388827000.0,702738000.0,1220963000.0,83710000.0,2819815000.0,1009595000.0,1925674000.0,3481177000.0,3710075000.0
Maranhão,2016,600872000.0,1404132000.0,19542000.0,614,639807000.0,32574,3612941000.0,3315288000.0,671749000.0,1048478000.0,35505000.0,2719652000.0,995862000.0,1811909000.0,3216041000.0,3493418000.0
Maranhão,2017,790970000.0,1538369000.0,15285000.0,600,574229000.0,38168,3990347000.0,3655268000.0,813007000.0,1201833000.0,24169000.0,2974009000.0,1173779000.0,2271177000.0,3809546000.0,4090552000.0
Maranhão,2018,662269000.0,1535013000.0,112000.0,569,618141000.0,34145,3959263000.0,3617838000.0,768119000.0,1110231000.0,34661000.0,2916009000.0,1152976000.0,1891312000.0,3426325000.0,3734795000.0
Maranhão,2019,490938000.0,1239912000.0,0.0,520,576538000.0,31843,3461054000.0,3198120000.0,712975000.0,927024000.0,378000.0,2595067000.0,1091126000.0,1983313000.0,3223225000.0,3500909000.0
Maranhão,2020,1160274000.0,2057519000.0,29000.0,544,665582000.0,35620,4730368000.0,4264816000.0,812811000.0,1727854000.0,736000.0,3556406000.0,1162234000.0,2485275000.0,4542794000.0,4988335000.0
Maranhão,2021,1223231000.0,2772417000.0,0.0,539,813437000.0,40713,5851945000.0,5401041000.0,982196000.0,2267845000.0,365000.0,4513492000.0,1431845000.0,2850946000.0,5623363000.0,6035093000.0
Maranhão,2022,2082893000.0,3786067000.0,0.0,677,1163749000.0,44836,8195115000.0,7509950000.0,1214040000.0,3133755000.0,0.0,6166400000.0,1868897000.0,3517456000.0,7303523000.0,7881714000.0
Mato Grosso,2007,326010000.0,658934000.0,7881000.0,364,195096000.0,17919,1332017000.0,1246682000.0,172889000.0,535712000.0,9437000.0,988184000.0,247939000.0,592962000.0,1251896000.0,1292896000.0
Mato Grosso,2008,454445000.0,843186000.0,1395000.0,476,253325000.0,19855,1888262000.0,1772510000.0,261761000.0,717270000.0,3281000.0,1353310000.0,379435000.0,968754000.0,1811940000.0,1859088000.0
Mato Grosso,2009,578090000.0,1116697000.0,10035000.0,542,333980000.0,20662,2188410000.0,2057154000.0,278284000.0,913613000.0,18357000.0,1670953000.0,405002000.0,916046000.0,2032743000.0,2127572000.0
Mato Grosso,2010,680778000.0,1246483000.0,32132000.0,688,382404000.0,25434,2509677000.0,2355698000.0,344986000.0,1007747000.0,33376000.0,1912035000.0,488508000.0,1159208000.0,2405692000.0,2465798000.0
Mato Grosso,2011,817033000.0,1389135000.0,6538000.0,848,380636000.0,28931,2810199000.0,2613653000.0,467083000.0,1203152000.0,8104000.0,2227952000.0,636060000.0,1223472000.0,2612607000.0,2794692000.0
Mato Grosso,2012,826789000.0,1444873000.0,15333000.0,956,360788000.0,32977,3237509000.0,3013390000.0,585873000.0,1209655000.0,19825000.0,2393247000.0,802979000.0,1613659000.0,3058533000.0,3216199000.0
Mato Grosso,2013,1062641000.0,1969705000.0,24388000.0,1032,529999000.0,37745,4227557000.0,3980063000.0,713800000.0,1648642000.0,34368000.0,3238706000.0,1025698000.0,2023863000.0,3993568000.0,4103919000.0
Mato Grosso,2014,1101461000.0,2338770000.0,31841000.0,1164,758376000.0,35274,4990947000.0,4642440000.0,850900000.0,1874311000.0,40017000.0,3865159000.0,1192455000.0,2461884000.0,4800654000.0,5048550000.0
Mato Grosso,2015,1022581000.0,1910184000.0,6552000.0,1180,600578000.0,28191,4194942000.0,3895919000.0,704125000.0,1543934000.0,22754000.0,3127293000.0,960026000.0,1998665000.0,3908849000.0,4141191000.0
Mato Grosso,2016,900598000.0,1722300000.0,3395000.0,1122,599669000.0,26068,3632027000.0,3333964000.0,666292000.0,1357096000.0,45629000.0,2913079000.0,910686000.0,1795412000.0,3517712000.0,3768659000.0
Mato Grosso,2017,688225000.0,1414190000.0,150000.0,965,551381000.0,22176,3257708000.0,3009330000.0,565293000.0,1124840000.0,25047000.0,2500720000.0,799452000.0,1649571000.0,3063761000.0,3258809000.0
Mato Grosso,2018,805228000.0,1632545000.0,216000.0,1024,579200000.0,23916,3547688000.0,3295833000.0,599953000.0,1328053000.0,13981000.0,2754314000.0,833081000.0,1726318000.0,3358863000.0,3512542000.0
Mato Grosso,2019,868243000.0,1776162000.0,0.0,930,509080000.0,21251,3800680000.0,3462729000.0,622764000.0,1551721000.0,51399000.0,2985235000.0,873036000.0,1637994000.0,3414156000.0,3798158000.0
Mato Grosso,2020,1009199000.0,2255448000.0,20160000.0,1182,652027000.0,24269,4875213000.0,4473739000.0,664917000.0,1792186000.0,106178000.0,3464433000.0,914041000.0,2175631000.0,4431079000.0,4724222000.0
Mato Grosso,2021,1468362000.0,3016060000.0,5914000.0,1184,778680000.0,29238,6094587000.0,5428908000.0,773762000.0,2440237000.0,66903000.0,4369518000.0,1083698000.0,2231302000.0,5247362000.0,5819256000.0
Mato Grosso,2022,1399787000.0,3121230000.0,11597000.0,1369,1072114000.0,31270,6817078000.0,6145156000.0,997580000.0,2378739000.0,81941000.0,4931050000.0,1398255000.0,2829735000.0,5950964000.0,6487323000.0
Mato Grosso do Sul,2007,265651000.0,468281000.0,7097000.0,355,134884000.0,17781,943535000.0,883437000.0,138208000.0,369968000.0,8321000.0,713136000.0,199964000.0,442275000.0,910556000.0,906283000.0
Mato Grosso do Sul,2008,401607000.0,745011000.0,2038000.0,413,238185000.0,19709,1403912000.0,1315199000.0,218132000.0,568196000.0,2265000.0,1132376000.0,323730000.0,636795000.0,1381806000.0,1385323000.0
Mato Grosso do Sul,2009,403636000.0,707349000.0,388000.0,450,186583000.0,19538,1492361000.0,1385258000.0,230752000.0,595758000.0,395000.0,1115162000.0,332426000.0,683252000.0,1390601000.0,1427202000.0
Mato Grosso do Sul,2010,569451000.0,1006830000.0,3053000.0,501,257235000.0,21450,1988693000.0,1853005000.0,271192000.0,831466000.0,7688000.0,1481915000.0,385526000.0,812444000.0,1819274000.0,1859049000.0
Mato Grosso do Sul,2011,539854000.0,983947000.0,8393000.0,637,282231000.0,24310,2126847000.0,1969767000.0,345233000.0,820588000.0,10730000.0,1612654000.0,499106000.0,1044702000.0,2028649000.0,2040079000.0
Mato Grosso do Sul,2012,622760000.0,1179064000.0,7959000.0,669,356696000.0,25181,2535954000.0,2334081000.0,395310000.0,943229000.0,15910000.0,1892288000.0,576453000.0,1135252000.0,2314316000.0,2390953000.0
Mato Grosso do Sul,2013,636201000.0,1272080000.0,4512000.0,720,382142000.0,29594,2652160000.0,2466013000.0,459490000.0,1020211000.0,15320000.0,2082310000.0,664637000.0,1150997000.0,2423076000.0,2496901000.0
Mato Grosso do Sul,2014,759933000.0,1405847000.0,4309000.0,791,400942000.0,25698,3065336000.0,2831726000.0,503400000.0,1122351000.0,42745000.0,2271844000.0,705805000.0,1423112000.0,2828959000.0,2996276000.0
Mato Grosso do Sul,2015,582738000.0,1093187000.0,274000.0,778,313194000.0,21292,2539830000.0,2350760000.0,470936000.0,886454000.0,30609000.0,1883852000.0,653595000.0,1200136000.0,2293323000.0,2425037000.0
Mato Grosso do Sul,2016,494428000.0,1027811000.0,1295000.0,716,351678000.0,18739,2562107000.0,2364706000.0,484007000.0,796758000.0,11944000.0,1819845000.0,659465000.0,1272293000.0,2300104000.0,2452699000.0
Mato Grosso do Sul,2017,464464000.0,899335000.0,141000.0,647,281767000.0,16433,2209854000.0,2026570000.0,450737000.0,720152000.0,17928000.0,1646536000.0,626690000.0,1081470000.0,1980805000.0,2080711000.0
Mato Grosso do Sul,2018,447125000.0,955063000.0,2791000.0,675,314124000.0,17710,2331765000.0,2135601000.0,429295000.0,751596000.0,14483000.0,1692885000.0,612684000.0,1158257000.0,2113319000.0,2248185000.0
Mato Grosso do Sul,2019,536809000.0,1073247000.0,9304000.0,620,344801000.0,16172,2611456000.0,2405414000.0,450911000.0,844350000.0,17224000.0,1837338000.0,630963000.0,1281857000.0,2355104000.0,2486400000.0
Mato Grosso do Sul,2020,575626000.0,1178825000.0,1197000.0,690,400068000.0,17636,2876708000.0,2640789000.0,469270000.0,901857000.0,15664000.0,1986252000.0,668663000.0,1357851000.0,2536676000.0,2684556000.0
Mato Grosso do Sul,2021,846536000.0,1585119000.0,2946000.0,711,481767000.0,18137,3463826000.0,3158558000.0,494019000.0,1231998000.0,7131000.0,2428888000.0,707992000.0,1448117000.0,3033236000.0,3213217000.0
Mato Grosso do Sul,2022,750459000.0,1598691000.0,47434000.0,698,505762000.0,17256,3757338000.0,3386607000.0,581216000.0,1244537000.0,78839000.0,2843260000.0,1014122000.0,1636821000.0,3235511000.0,3481291000.0
Minas Gerais,2007,3514575000.0,8380673000.0,13375000.0,3446,3756230000.0,212934,16348942000.0,15347049000.0,2544826000.0,5890699000.0,32409000.0,13492133000.0,3812796000.0,6884909000.0,15265582000.0,16102527000.0
Minas Gerais,2008,4155950000.0,11289753000.0,11178000.0,3639,5768986000.0,240622,21299936000.0,19824029000.0,3462900000.0,7698780000.0,33056000.0,18748835000.0,5248013000.0,8797013000.0,20086766000.0,21417044000.0
Minas Gerais,2009,4357475000.0,11863014000.0,59153000.0,4270,6033087000.0,268896,25119933000.0,23574649000.0,4106877000.0,8077149000.0,89466000.0,20677817000.0,6478114000.0,11611959000.0,23474972000.0,24910779000.0
Minas Gerais,2010,6585442000.0,15825504000.0,73473000.0,5016,7600716000.0,306161,31564486000.0,29505770000.0,5206972000.0,11146418000.0,148746000.0,26918088000.0,8022207000.0,13090342000.0,28915846000.0,30825774000.0
Minas Gerais,2011,6312889000.0,16245788000.0,167406000.0,6416,7359959000.0,326144,34867122000.0,32248375000.0,6202842000.0,12122562000.0,269096000.0,29181912000.0,9430294000.0,15691389000.0,31937176000.0,34433201000.0
Minas Gerais,2012,7833317000.0,20681835000.0,70746000.0,6965,9252504000.0,360365,43073659000.0,39857615000.0,8405974000.0,15169268000.0,183441000.0,37031997000.0,12426783000.0,18709944000.0,39391779000.0,42803989000.0
Minas Gerais,2013,7853473000.0,20155653000.0,147414000.0,6419,9080859000.0,362155,43705166000.0,40539201000.0,8755000000.0,14263323000.0,231686000.0,36958270000.0,13382402000.0,20100299000.0,40255952000.0,42883935000.0
Minas Gerais,2014,8597841000.0,22738843000.0,185452000.0,7432,10987329000.0,343840,48613037000.0,44270097000.0,8978577000.0,15839179000.0,369720000.0,40327861000.0,13131633000.0,20279345000.0,43018188000.0,47379659000.0
Minas Gerais,2015,7052412000.0,17878793000.0,105518000.0,7655,9460454000.0,291451,41778677000.0,37813703000.0,8785761000.0,12563383000.0,229407000.0,35035009000.0,12781766000.0,18594770000.0,36473563000.0,40148550000.0
Minas Gerais,2016,5948638000.0,15089478000.0,86190000.0,7058,6997809000.0,235230,34100748000.0,31259148000.0,6774849000.0,11387177000.0,276137000.0,28722645000.0,10061522000.0,15857769000.0,30947247000.0,33574850000.0
Minas Gerais,2017,4807707000.0,12826162000.0,53688000.0,6549,6772572000.0,228469,29507954000.0,27100131000.0,6344557000.0,9824422000.0,177738000.0,26190194000.0,9415462000.0,14982903000.0,27809066000.0,30431047000.0
Minas Gerais,2018,5440940000.0,14033217000.0,90650000.0,6324,7384665000.0,248374,32704191000.0,29849962000.0,6583341000.0,10947227000.0,281763000.0,28366987000.0,9753333000.0,14495541000.0,28528758000.0,31664682000.0
Minas Gerais,2019,6760501000.0,18030590000.0,88248000.0,6843,7974917000.0,262730,39620665000.0,36754907000.0,7629327000.0,13998373000.0,264487000.0,33594214000.0,11356437000.0,17803784000.0,35834374000.0,38964026000.0
Minas Gerais,2020,7757750000.0,20171255000.0,144130000.0,7193,10330600000.0,289953,46507684000.0,42477379000.0,8371290000.0,15314067000.0,293060000.0,38630287000.0,12692560000.0,20016261000.0,40187516000.0,44949893000.0
Minas Gerais,2021,11447678000.0,25992624000.0,294214000.0,7808,10856699000.0,309482,55303752000.0,50728480000.0,9818740000.0,20047525000.0,474039000.0,46197311000.0,14819048000.0,24005229000.0,49997853000.0,54923971000.0
Minas Gerais,2022,10851917000.0,28224145000.0,436246000.0,8444,14019176000.0,314529,60312547000.0,55447274000.0,11228316000.0,20948855000.0,815465000.0,52791957000.0,17008462000.0,26729830000.0,54953976000.0,60006615000.0
Paraná,2007,1458961000.0,3077079000.0,112656000.0,2123,1044899000.0,71378,6538743000.0,6167617000.0,872391000.0,2303018000.0,145712000.0,4788024000.0,1294396000.0,3232875000.0,6309954000.0,6477898000.0
Paraná,2008,1953566000.0,3665662000.0,21191000.0,2265,1060256000.0,83067,7383157000.0,6908709000.0,1079400000.0,2971330000.0,48679000.0,5704008000.0,1623742000.0,3297524000.0,6963187000.0,7215847000.0
Paraná,2009,2227513000.0,4714999000.0,42301000.0,2694,1547494000.0,97219,10036767000.0,9381208000.0,1536576000.0,3742095000.0,61332000.0,7658820000.0,2307898000.0,4404655000.0,9119654000.0,9585341000.0
Paraná,2010,2726882000.0,5699877000.0,46776000.0,3418,2210640000.0,113603,11471352000.0,10673793000.0,1807618000.0,4492215000.0,95209000.0,9498530000.0,2700467000.0,4993775000.0,10693653000.0,11174166000.0
Paraná,2011,3476879000.0,7286064000.0,95849000.0,4033,2529585000.0,124022,14940950000.0,14017803000.0,2124798000.0,5534094000.0,169213000.0,11457244000.0,3224352000.0,6474832000.0,13760896000.0,14422475000.0
Paraná,2012,3870538000.0,7797472000.0,65986000.0,4693,2471587000.0,139999,17132530000.0,16071959000.0,2779076000.0,6346192000.0,144558000.0,13206616000.0,4244279000.0,8064824000.0,15862297000.0,16693512000.0
Paraná,2013,3727990000.0,8468440000.0,82129000.0,4818,2773381000.0,144873,17956492000.0,16702554000.0,2999045000.0,6696459000.0,193088000.0,14198039000.0,4535111000.0,8116020000.0,16584460000.0,17476478000.0
Paraná,2014,5029134000.0,10428059000.0,98486000.0,5654,3241517000.0,150425,22159101000.0,20629361000.0,3924789000.0,8658602000.0,174736000.0,17759386000.0,5684531000.0,9879650000.0,20307709000.0,21338620000.0
Paraná,2015,3820378000.0,8991655000.0,114077000.0,5532,3475435000.0,130102,19354447000.0,17928247000.0,3705843000.0,6782741000.0,567115000.0,16273992000.0,5448701000.0,8884278000.0,17875934000.0,19085537000.0
Paraná,2016,3873972000.0,8015918000.0,13908000.0,4702,3927796000.0,109512,18651933000.0,17251947000.0,3157129000.0,6139016000.0,106980000.0,15076784000.0,4902992000.0,9089657000.0,17105575000.0,17925079000.0
Paraná,2017,3836251000.0,7699089000.0,7097000.0,4637,3068817000.0,98425,18200572000.0,16832608000.0,3159111000.0,5909691000.0,135788000.0,13879278000.0,4764982000.0,7976994000.0,15676083000.0,16529830000.0
Paraná,2018,5011844000.0,9570013000.0,65007000.0,5013,3096453000.0,107490,19747777000.0,18165537000.0,3024837000.0,7729709000.0,237965000.0,15565029000.0,4500902000.0,8086852000.0,17656865000.0,18795017000.0
Paraná,2019,5060283000.0,9724939000.0,30426000.0,4896,3074485000.0,111720,20413449000.0,18879866000.0,3296541000.0,7704273000.0,160070000.0,15798789000.0,4859961000.0,8370257000.0,18095196000.0,19123019000.0
Paraná,2020,5600773000.0,12436237000.0,271460000.0,5432,3966824000.0,117474,25093102000.0,22854561000.0,3647969000.0,8911353000.0,1286735000.0,19658601000.0,5493689000.0,10142316000.0,22578553000.0,23861624000.0
Paraná,2021,6327370000.0,13372816000.0,56472000.0,5769,4634622000.0,131135,27437571000.0,25448045000.0,4395420000.0,10559814000.0,226017000.0,22120139000.0,6699686000.0,12680336000.0,26053152000.0,26907294000.0
Paraná,2022,6829371000.0,14462764000.0,164927000.0,5748,4837418000.0,128039,28388314000.0,26339950000.0,4900674000.0,11565658000.0,431974000.0,24158430000.0,7323380000.0,11083047000.0,25545812000.0,26923974000.0
Paraíba,2007,160362000.0,253584000.0,6962000.0,379,84073000.0,13127,630161000.0,586804000.0,90652000.0,201176000.0,7151000.0,423527000.0,131127000.0,313599000.0,567183000.0,580460000.0
Paraíba,2008,218379000.0,309368000.0,644000.0,402,85977000.0,16391,822307000.0,769459000.0,121908000.0,264356000.0,1033000.0,529073000.0,177707000.0,403414000.0,712782000.0,758652000.0
Paraíba,2009,323129000.0,440793000.0,495000.0,521,105428000.0,19787,1080169000.0,1016549000.0,168631000.0,390814000.0,639000.0,736971000.0,240090000.0,527097000.0,967890000.0,1000467000.0
Paraíba,2010,470443000.0,664855000.0,883000.0,629,191164000.0,27562,1672118000.0,1567889000.0,236412000.0,562635000.0,45510000.0,1134815000.0,335506000.0,831055000.0,1495910000.0,1549565000.0
Paraíba,2011,582015000.0,804039000.0,2487000.0,893,208089000.0,34254,2240567000.0,2064547000.0,342043000.0,712990000.0,2542000.0,1419484000.0,495863000.0,949398000.0,1753437000.0,1933280000.0
Paraíba,2012,669184000.0,995746000.0,1930000.0,952,309724000.0,36753,2611935000.0,2441105000.0,456541000.0,834747000.0,1966000.0,1809022000.0,662585000.0,1347629000.0,2343375000.0,2437655000.0
Paraíba,2013,751444000.0,1092079000.0,842000.0,1009,324449000.0,39305,2872547000.0,2683700000.0,518779000.0,920040000.0,1025000.0,2002639000.0,757125000.0,1306727000.0,2398806000.0,2578649000.0
Paraíba,2014,853533000.0,1188753000.0,5690000.0,1172,300979000.0,40093,3325892000.0,3127320000.0,618961000.0,1064305000.0,8631000.0,2224255000.0,850341000.0,1114237000.0,2302990000.0,2512611000.0
Paraíba,2015,941684000.0,1347515000.0,2416000.0,1228,337985000.0,34593,3489347000.0,3241235000.0,594099000.0,1204842000.0,2481000.0,2370425000.0,825117000.0,1537473000.0,2884988000.0,3126578000.0
Paraíba,2016,805790000.0,1161159000.0,6630000.0,1126,298018000.0,30681,3338175000.0,3086540000.0,602244000.0,1051806000.0,9149000.0,2193446000.0,834473000.0,1512913000.0,2674072000.0,2895461000.0
Paraíba,2017,690107000.0,1103838000.0,14990000.0,1096,374674000.0,27407,3011706000.0,2727721000.0,557667000.0,885465000.0,20218000.0,2057946000.0,777589000.0,1675484000.0,2779322000.0,2950014000.0
Paraíba,2018,746982000.0,1084386000.0,4590000.0,1025,310357000.0,26346,3060067000.0,2821020000.0,544492000.0,971219000.0,16155000.0,2056266000.0,758535000.0,1735554000.0,2819940000.0,2832402000.0
Paraíba,2019,666046000.0,1045276000.0,3507000.0,914,380281000.0,23925,2752145000.0,2520885000.0,473344000.0,871241000.0,14017000.0,1925224000.0,659685000.0,1478480000.0,2523756000.0,2671500000.0
Paraíba,2020,669322000.0,1333321000.0,15659000.0,958,666458000.0,25002,3663413000.0,3406992000.0,539205000.0,927200000.0,27661000.0,2363100000.0,741781000.0,1826666000.0,3159987000.0,3418069000.0
Paraíba,2021,1036322000.0,1697739000.0,15469000.0,1029,1117127000.0,26751,4508765000.0,4244426000.0,580888000.0,1487256000.0,23125000.0,3427507000.0,799999000.0,1547502000.0,3245241000.0,3573540000.0
Paraíba,2022,1052699000.0,1664620000.0,22199000.0,1214,500228000.0,31051,4155247000.0,3884221000.0,755832000.0,1365725000.0,30036000.0,2962232000.0,1066243000.0,1778499000.0,3443119000.0,3711193000.0
Pará,2007,416126000.0,816883000.0,19031000.0,550,289715000.0,32376,1712969000.0,1572004000.0,314056000.0,616430000.0,19915000.0,1376666000.0,450605000.0,740465000.0,1557348000.0,1674631000.0
Pará,2008,550626000.0,998414000.0,6190000.0,558,329771000.0,30807,2075866000.0,1909499000.0,350704000.0,797937000.0,9685000.0,1661866000.0,524472000.0,994651000.0,1993065000.0,2099925000.0
Pará,2009,426574000.0,967529000.0,15618000.0,572,392008000.0,32666,2113024000.0,1948461000.0,390740000.0,686156000.0,23992000.0,1686914000.0,584759000.0,1073425000.0,2040954000.0,2121556000.0
Pará,2010,596203000.0,1146413000.0,4709000.0,637,473327000.0,39395,2584951000.0,2388848000.0,473245000.0,846846000.0,6294000.0,2019142000.0,692674000.0,1238720000.0,2385133000.0,2526104000.0
Pará,2011,793773000.0,1329311000.0,8018000.0,725,407840000.0,48715,3176523000.0,2911333000.0,603617000.0,1099035000.0,8338000.0,2411350000.0,896137000.0,1575947000.0,2905258000.0,3137255000.0
Pará,2012,1066552000.0,1782540000.0,2101000.0,763,620962000.0,49901,4234611000.0,3884019000.0,753341000.0,1428813000.0,42568000.0,3190138000.0,1097795000.0,2141788000.0,3924328000.0,4208927000.0
Pará,2013,1271079000.0,2354161000.0,9089000.0,831,880819000.0,52694,5270007000.0,4885352000.0,904435000.0,1842635000.0,17221000.0,4113000000.0,1372325000.0,2509157000.0,4863318000.0,5216800000.0
Pará,2014,1281439000.0,2334973000.0,4267000.0,956,768653000.0,50984,5538025000.0,5058583000.0,976828000.0,1876003000.0,6622000.0,4088074000.0,1436796000.0,2804179000.0,5139152000.0,5518476000.0
Pará,2015,1058913000.0,2017229000.0,0.0,959,761229000.0,40095,4940799000.0,4508665000.0,912395000.0,1608283000.0,21049000.0,3717965000.0,1327404000.0,2642904000.0,4660133000.0,5015597000.0
Pará,2016,851018000.0,1549569000.0,16444000.0,691,522163000.0,31840,3715078000.0,3402813000.0,739602000.0,1248386000.0,38438000.0,2898924000.0,1089937000.0,1836327000.0,3385895000.0,3642615000.0
Pará,2017,660124000.0,1346534000.0,6212000.0,799,480684000.0,33802,3725223000.0,3355619000.0,756070000.0,1135979000.0,21635000.0,2730093000.0,1091794000.0,2022481000.0,3369016000.0,3715244000.0
Pará,2018,925621000.0,2104243000.0,4523000.0,805,828838000.0,35816,5140427000.0,4580540000.0,918140000.0,1562515000.0,17451000.0,3764124000.0,1355319000.0,2388148000.0,4492390000.0,4950580000.0
Pará,2019,697023000.0,1909599000.0,2904000.0,647,787540000.0,30974,4513170000.0,4075497000.0,766580000.0,1437275000.0,27489000.0,3412968000.0,1160665000.0,2098868000.0,4008467000.0,4337938000.0
Pará,2020,1136460000.0,2289903000.0,4368000.0,619,733347000.0,34037,5808224000.0,5296672000.0,884792000.0,1829665000.0,9600000.0,3884755000.0,1312143000.0,2609988000.0,4899891000.0,5360236000.0
Pará,2021,1411981000.0,2972547000.0,9775000.0,826,1259048000.0,42482,7076438000.0,6454771000.0,1045740000.0,2239776000.0,22666000.0,5077686000.0,1556197000.0,3192814000.0,6165361000.0,6692314000.0
Pará,2022,1659995000.0,4150250000.0,19014000.0,1011,1661819000.0,40129,8625487000.0,7816617000.0,1337452000.0,2947855000.0,36263000.0,6596215000.0,1950277000.0,3513711000.0,7663961000.0,8292632000.0
Pernambuco,2007,593194000.0,1120889000.0,57082000.0,959,341287000.0,47988,2600006000.0,2419755000.0,444656000.0,856436000.0,64750000.0,1908427000.0,645955000.0,1462297000.0,2583186000.0,2619577000.0
Pernambuco,2008,726845000.0,1368792000.0,10522000.0,909,386601000.0,54283,3244093000.0,3017655000.0,550833000.0,1135256000.0,12721000.0,2341746000.0,807169000.0,1720284000.0,3089076000.0,3186307000.0
Pernambuco,2009,958348000.0,1726553000.0,26593000.0,984,507561000.0,64788,4020231000.0,3729446000.0,690598000.0,1384274000.0,34315000.0,2961466000.0,1035316000.0,2111669000.0,3838222000.0,4057886000.0
Pernambuco,2010,1398816000.0,2586102000.0,18138000.0,1136,662582000.0,71864,5506003000.0,5076710000.0,872132000.0,2106327000.0,46548000.0,4128667000.0,1313210000.0,2640836000.0,5226939000.0,5520395000.0
Pernambuco,2011,1789253000.0,3381086000.0,11878000.0,1429,926245000.0,93055,6963125000.0,6457335000.0,1299202000.0,2665727000.0,188099000.0,5684095000.0,1904024000.0,3232698000.0,6613785000.0,7002689000.0
Pernambuco,2012,1743927000.0,3371149000.0,14146000.0,1397,1135759000.0,88331,7899254000.0,7346516000.0,1453744000.0,2669878000.0,24722000.0,5983615000.0,2153256000.0,3990765000.0,7361914000.0,7712850000.0
Pernambuco,2013,2198895000.0,3937801000.0,39709000.0,1609,1255663000.0,94335,8742696000.0,8067140000.0,1693143000.0,3065110000.0,60924000.0,6904271000.0,2522574000.0,4259649000.0,8197450000.0,8576694000.0
Pernambuco,2014,2073642000.0,3818064000.0,8806000.0,1614,1437831000.0,89648,8627733000.0,7969465000.0,1775987000.0,3076642000.0,17618000.0,7190054000.0,2657963000.0,4402641000.0,8220705000.0,8738289000.0
Pernambuco,2015,1508293000.0,3160631000.0,40017000.0,1556,1417656000.0,76521,7902620000.0,7205448000.0,1722091000.0,2390478000.0,86642000.0,6397763000.0,2502987000.0,4636974000.0,7797605000.0,8426261000.0
Pernambuco,2016,1454344000.0,2857162000.0,46709000.0,1820,1304046000.0,68391,7386558000.0,6762562000.0,1545111000.0,2210952000.0,104675000.0,5881116000.0,2261443000.0,3832935000.0,6690097000.0,7219436000.0
Pernambuco,2017,1525180000.0,2981010000.0,43714000.0,1604,2002417000.0,60327,7545786000.0,6972245000.0,1371113000.0,2267832000.0,151915000.0,6462831000.0,2040667000.0,4006075000.0,6987085000.0,7555346000.0
Pernambuco,2018,1532789000.0,2765707000.0,34172000.0,1345,1380588000.0,49352,6495493000.0,5935652000.0,1257909000.0,2153793000.0,83115000.0,5477253000.0,1859757000.0,3501035000.0,6266742000.0,6703133000.0
Pernambuco,2019,1333020000.0,2513601000.0,17580000.0,1502,1321728000.0,48395,6236162000.0,5710089000.0,1284175000.0,1920446000.0,44263000.0,5155286000.0,1868850000.0,3256074000.0,5769675000.0,6104541000.0
Pernambuco,2020,1477424000.0,2601484000.0,16922000.0,1468,1069048000.0,47689,6633077000.0,6066986000.0,1142037000.0,2257609000.0,55640000.0,5052710000.0,1670412000.0,3352675000.0,5954160000.0,6628415000.0
Pernambuco,2021,2155563000.0,3806163000.0,27442000.0,1584,1175276000.0,51323,7952911000.0,7388961000.0,1250690000.0,2999998000.0,136931000.0,6156164000.0,1843959000.0,3522996000.0,7329159000.0,7505602000.0
Pernambuco,2022,2203749000.0,4083260000.0,54965000.0,1725,1443715000.0,61476,9311447000.0,8616848000.0,1660658000.0,3262436000.0,79563000.0,7232047000.0,2446333000.0,4145453000.0,8228713000.0,8965886000.0
Piauí,2007,157755000.0,277166000.0,2561000.0,205,89670000.0,11790,625135000.0,590484000.0,81600000.0,220490000.0,11914000.0,440667000.0,118593000.0,303989000.0,581155000.0,614364000.0
Piauí,2008,256906000.0,414931000.0,7865000.0,238,91226000.0,15394,845403000.0,796648000.0,115577000.0,348645000.0,11069000.0,613737000.0,162797000.0,428453000.0,843384000.0,879222000.0
Piauí,2009,346725000.0,645898000.0,2665000.0,307,219481000.0,23937,1332328000.0,1250119000.0,190952000.0,501453000.0,2681000.0,995512000.0,271897000.0,599814000.0,1245712000.0,1275398000.0
Piauí,2010,494045000.0,855645000.0,42000.0,313,237429000.0,24742,1789134000.0,1684329000.0,251371000.0,709322000.0,4167000.0,1327444000.0,376526000.0,823432000.0,1679077000.0,1761488000.0
Piauí,2011,393541000.0,674144000.0,11360000.0,350,166636000.0,25977,1642846000.0,1559854000.0,263558000.0,578889000.0,19228000.0,1153970000.0,389218000.0,936122000.0,1610266000.0,1674853000.0
Piauí,2012,446148000.0,743412000.0,518000.0,362,158771000.0,28686,1836440000.0,1732011000.0,328073000.0,675098000.0,518000.0,1314502000.0,480116000.0,973406000.0,1716818000.0,1801156000.0
Piauí,2013,701554000.0,1110383000.0,2428000.0,392,272352000.0,35297,2396395000.0,2268375000.0,446785000.0,949412000.0,3056000.0,1885119000.0,660299000.0,1140055000.0,2250437000.0,2355572000.0
Piauí,2014,860865000.0,1438600000.0,15000.0,484,444296000.0,32069,3058455000.0,2877751000.0,553263000.0,1146136000.0,20000.0,2364215000.0,773763000.0,1519124000.0,2957723000.0,3129040000.0
Piauí,2015,642454000.0,1071017000.0,1433000.0,467,385735000.0,23567,2447872000.0,2292351000.0,508651000.0,830748000.0,1544000.0,1962620000.0,744593000.0,1217303000.0,2288320000.0,2424671000.0
Piauí,2016,553469000.0,909587000.0,2688000.0,399,227179000.0,17268,2265332000.0,2124772000.0,392603000.0,803928000.0,8007000.0,1602314000.0,563200000.0,1096233000.0,2005820000.0,2137110000.0
Piauí,2017,457959000.0,807912000.0,11000.0,381,329098000.0,15439,2116702000.0,1999022000.0,366150000.0,638549000.0,3257000.0,1492198000.0,521293000.0,1101543000.0,1909455000.0,2022937000.0
Piauí,2018,647785000.0,970590000.0,1311000.0,499,300433000.0,15099,2241237000.0,2109416000.0,316187000.0,798086000.0,5190000.0,1546707000.0,442999000.0,1072792000.0,2043382000.0,2133510000.0
Piauí,2019,417662000.0,799955000.0,0.0,491,284331000.0,14028,1737464000.0,1637755000.0,290908000.0,612699000.0,1138000.0,1301042000.0,402874000.0,862737000.0,1662692000.0,1687771000.0
Piauí,2020,436525000.0,750068000.0,664000.0,447,309593000.0,13122,2088770000.0,1959017000.0,245943000.0,606319000.0,1876000.0,1262622000.0,344834000.0,1223675000.0,1973743000.0,2062543000.0
Piauí,2021,755173000.0,1159531000.0,2654000.0,576,289746000.0,15550,2579643000.0,2362377000.0,301038000.0,986333000.0,4409000.0,1701733000.0,421245000.0,1141732000.0,2301263000.0,2456490000.0
Piauí,2022,771124000.0,1380453000.0,4784000.0,630,446224000.0,14363,3039841000.0,2810265000.0,335957000.0,1126924000.0,11849000.0,2057279000.0,472282000.0,1331974000.0,2712427000.0,2891780000.0
Rio Grande do Norte,2007,265721000.0,423205000.0,142000.0,427,153867000.0,17979,971296000.0,906260000.0,135618000.0,339823000.0,296000.0,694963000.0,200977000.0,468718000.0,891923000.0,935898000.0
Rio Grande do Norte,2008,413336000.0,669319000.0,12455000.0,521,252449000.0,21357,1330706000.0,1242078000.0,184191000.0,527146000.0,14591000.0,1070868000.0,276682000.0,638114000.0,1307433000.0,1402035000.0
Rio Grande do Norte,2009,472478000.0,760472000.0,16170000.0,642,323274000.0,21126,1772270000.0,1644777000.0,208450000.0,615538000.0,31283000.0,1285812000.0,315716000.0,819211000.0,1579683000.0,1693303000.0
Rio Grande do Norte,2010,633720000.0,1175933000.0,50341000.0,657,343803000.0,29114,2343443000.0,2193730000.0,296237000.0,931772000.0,92343000.0,1810261000.0,442343000.0,1113453000.0,2289386000.0,2406163000.0
Rio Grande do Norte,2011,773750000.0,1291215000.0,49040000.0,774,461323000.0,31815,2531699000.0,2375923000.0,393775000.0,1003687000.0,70913000.0,2127257000.0,591334000.0,1299047000.0,2590262000.0,2697744000.0
Rio Grande do Norte,2012,705392000.0,1328550000.0,16599000.0,798,524855000.0,37210,2981033000.0,2766989000.0,501668000.0,1079560000.0,37236000.0,2383708000.0,742056000.0,1667443000.0,2995993000.0,3222402000.0
Rio Grande do Norte,2013,971566000.0,1813148000.0,26039000.0,867,795688000.0,36601,4435080000.0,4199825000.0,603128000.0,1352256000.0,29674000.0,3083016000.0,905398000.0,1867560000.0,3680708000.0,3921021000.0
Rio Grande do Norte,2014,974614000.0,1723946000.0,7327000.0,1037,841980000.0,40977,3989654000.0,3702521000.0,675721000.0,1285055000.0,10468000.0,3101300000.0,963797000.0,2012256000.0,3736202000.0,4007037000.0
Rio Grande do Norte,2015,826839000.0,1485742000.0,26987000.0,962,640403000.0,34420,3304277000.0,3082450000.0,643164000.0,1117187000.0,67131000.0,2743574000.0,918853000.0,2270525000.0,3756267000.0,3971263000.0
Rio Grande do Norte,2016,851739000.0,1689972000.0,74697000.0,914,614021000.0,22703,3415264000.0,3059961000.0,533954000.0,1145671000.0,216130000.0,2748633000.0,772810000.0,1619275000.0,3309247000.0,3582504000.0
Rio Grande do Norte,2017,504339000.0,1128949000.0,56857000.0,855,513822000.0,22234,2685739000.0,2510230000.0,487908000.0,677175000.0,152518000.0,2055218000.0,711702000.0,1524370000.0,2653319000.0,2759070000.0
Rio Grande do Norte,2018,520351000.0,1505084000.0,47536000.0,764,550337000.0,20453,3049538000.0,2859960000.0,445492000.0,889249000.0,335276000.0,2418333000.0,643471000.0,1425584000.0,2930668000.0,3030341000.0
Rio Grande do Norte,2019,844467000.0,1463711000.0,10395000.0,723,552373000.0,19964,2856360000.0,2668416000.0,479888000.0,1110891000.0,107096000.0,2447736000.0,677376000.0,1313633000.0,2777344000.0,2960472000.0
Rio Grande do Norte,2020,560315000.0,1256142000.0,42786000.0,795,488407000.0,22579,2805669000.0,2584516000.0,416157000.0,923269000.0,92488000.0,2157884000.0,653721000.0,1381802000.0,2637944000.0,2788763000.0
Rio Grande do Norte,2021,1153662000.0,2057104000.0,86262000.0,867,638335000.0,21390,3908594000.0,3620868000.0,524668000.0,1556187000.0,226937000.0,3208577000.0,787118000.0,1455180000.0,3512284000.0,3769086000.0
Rio Grande do Norte,2022,1697529000.0,2888818000.0,20000000.0,809,1158474000.0,24832,4974677000.0,4614750000.0,694676000.0,2208463000.0,150814000.0,4556759000.0,1039009000.0,1490994000.0,4379812000.0,4663340000.0
Rio Grande do Sul,2007,1092798000.0,2149594000.0,174249000.0,2567,790794000.0,68033,4834652000.0,4504237000.0,721877000.0,1550098000.0,260024000.0,3656154000.0,1055237000.0,2205003000.0,4354597000.0,4599766000.0
Rio Grande do Sul,2008,1471822000.0,2812534000.0,55516000.0,2824,1025412000.0,76431,6048794000.0,5566151000.0,942353000.0,2241594000.0,106226000.0,4780603000.0,1407370000.0,2756962000.0,5569496000.0,5837461000.0
Rio Grande do Sul,2009,1663501000.0,3405764000.0,15869000.0,3195,1339003000.0,99995,7354920000.0,6840191000.0,1178213000.0,2737336000.0,32728000.0,5840881000.0,1731815000.0,3710078000.0,7115842000.0,7221136000.0
Rio Grande do Sul,2010,2347748000.0,4641263000.0,60516000.0,3523,1481457000.0,98942,9824131000.0,9140967000.0,1450081000.0,3784499000.0,110425000.0,7506670000.0,2130289000.0,4469197000.0,9110460000.0,9408519000.0
Rio Grande do Sul,2011,2567533000.0,4853991000.0,117056000.0,4346,1749979000.0,111605,10796467000.0,10073216000.0,1881371000.0,3816704000.0,190701000.0,8486040000.0,2728655000.0,5384258000.0,10238250000.0,10623123000.0
Rio Grande do Sul,2012,2926348000.0,5941831000.0,169373000.0,5079,2179571000.0,125489,14275314000.0,13419102000.0,2219244000.0,4728037000.0,267087000.0,10468232000.0,3293537000.0,7529812000.0,13471643000.0,13933664000.0
Rio Grande do Sul,2013,3581234000.0,6679879000.0,198988000.0,5210,2070860000.0,125065,14455638000.0,13444170000.0,2565975000.0,5380765000.0,298129000.0,11471566000.0,3721812000.0,6532756000.0,13212635000.0,14025556000.0
Rio Grande do Sul,2014,3597226000.0,6717545000.0,187905000.0,5752,2380032000.0,128244,16003698000.0,14842168000.0,2854559000.0,5461559000.0,321872000.0,12192501000.0,4029038000.0,7711136000.0,14428680000.0,15328517000.0
Rio Grande do Sul,2015,3677183000.0,7709881000.0,342657000.0,5820,2841061000.0,117393,16885765000.0,15449593000.0,2864078000.0,5681335000.0,783167000.0,13277880000.0,3972316000.0,7966605000.0,15676486000.0,16738878000.0
Rio Grande do Sul,2016,2861062000.0,6268305000.0,337549000.0,5494,2503469000.0,105547,14478667000.0,13273680000.0,3042563000.0,4816031000.0,490715000.0,12142599000.0,4332385000.0,7190046000.0,13458351000.0,14482816000.0
Rio Grande do Sul,2017,2526106000.0,6155584000.0,248414000.0,4668,2391476000.0,92550,13347105000.0,12308622000.0,2639664000.0,4443877000.0,638389000.0,11226635000.0,3752893000.0,5879915000.0,12035499000.0,12868808000.0
Rio Grande do Sul,2018,2968366000.0,7400570000.0,222570000.0,5086,2351196000.0,91060,14960202000.0,13737046000.0,2555310000.0,5540357000.0,643112000.0,12243376000.0,3708711000.0,5523210000.0,12923780000.0,13633197000.0
Rio Grande do Sul,2019,3249466000.0,6743930000.0,176766000.0,5259,2161838000.0,91171,14933686000.0,13736721000.0,2719827000.0,5153925000.0,592579000.0,11748378000.0,3840037000.0,7082537000.0,13826467000.0,14575926000.0
Rio Grande do Sul,2020,4780398000.0,8476055000.0,57871000.0,5108,2433158000.0,88544,18379992000.0,17058882000.0,2673774000.0,6981978000.0,211025000.0,13428896000.0,3802736000.0,7298530000.0,15774585000.0,16632077000.0
Rio Grande do Sul,2021,4244690000.0,9027261000.0,181775000.0,5018,2627042000.0,97697,20228312000.0,18698397000.0,2998922000.0,6823479000.0,1014980000.0,14835431000.0,4369930000.0,9491040000.0,18518301000.0,19326973000.0
Rio Grande do Sul,2022,4269178000.0,9580325000.0,181088000.0,5297,3773809000.0,98867,22084480000.0,20313257000.0,3503894000.0,7274948000.0,656644000.0,16743702000.0,5038300000.0,9489129000.0,19069454000.0,20053839000.0
Rio de Janeiro,2007,2963425000.0,7756546000.0,28504000.0,2546,3285883000.0,172042,17108254000.0,15798651000.0,2463902000.0,5483281000.0,78222000.0,12571339000.0,3723954000.0,7992586000.0,15749132000.0,16588824000.0
Rio de Janeiro,2008,3520472000.0,8923969000.0,116445000.0,2475,4531963000.0,189334,21277263000.0,19577185000.0,3143511000.0,6289129000.0,228855000.0,15886261000.0,4836313000.0,9936704000.0,18860673000.0,19873979000.0
Rio de Janeiro,2009,4368311000.0,11263114000.0,33183000.0,2734,6526713000.0,221763,26553620000.0,24325311000.0,4546339000.0,7188426000.0,146766000.0,20761088000.0,6899183000.0,12511213000.0,23774327000.0,25182949000.0
Rio de Janeiro,2010,5450638000.0,16404718000.0,189375000.0,3111,7057820000.0,263502,32811698000.0,30480474000.0,5694366000.0,11578505000.0,807451000.0,28035227000.0,8591451000.0,14093068000.0,30497786000.0,32140476000.0
Rio de Janeiro,2011,7380658000.0,18492986000.0,154430000.0,3636,7927164000.0,294865,38004018000.0,35426706000.0,6782128000.0,13659553000.0,414340000.0,32370284000.0,10369227000.0,16996134000.0,35489120000.0,37079797000.0
Rio de Janeiro,2012,7792021000.0,20741988000.0,46119000.0,3942,9565090000.0,312230,42470955000.0,39709751000.0,8359705000.0,14987671000.0,420515000.0,37702737000.0,12729461000.0,19855033000.0,40597021000.0,42000465000.0
Rio de Janeiro,2013,8191247000.0,21425217000.0,90142000.0,4433,10527266000.0,311185,43261519000.0,39948643000.0,9004174000.0,14458898000.0,360528000.0,39147356000.0,13800663000.0,19108315000.0,40533531000.0,42013930000.0
Rio de Janeiro,2014,8017537000.0,21147462000.0,82543000.0,4837,12619986000.0,304034,43286621000.0,39909807000.0,9525942000.0,14039936000.0,171653000.0,40646940000.0,13815364000.0,19410594000.0,40558056000.0,42408487000.0
Rio de Janeiro,2015,7330788000.0,19173907000.0,46610000.0,4728,15222577000.0,237427,37896139000.0,34962977000.0,8049607000.0,13347815000.0,270870000.0,41097464000.0,12256202000.0,17731184000.0,36905090000.0,38487448000.0
Rio de Janeiro,2016,5263160000.0,14069820000.0,71100000.0,4071,15287334000.0,167925,29343409000.0,27066648000.0,5893089000.0,9042533000.0,689189000.0,34370838000.0,9351783000.0,13312697000.0,27382517000.0,28101513000.0
Rio de Janeiro,2017,2491100000.0,8889808000.0,119365000.0,3516,8692537000.0,151371,21167371000.0,19307838000.0,5226820000.0,5995921000.0,339984000.0,22822438000.0,7793995000.0,10998105000.0,19887914000.0,21330846000.0
Rio de Janeiro,2018,2918436000.0,7889845000.0,122395000.0,3324,6219585000.0,148208,20978865000.0,19048654000.0,4978130000.0,5347201000.0,264512000.0,19287839000.0,7456754000.0,11324903000.0,19214747000.0,20919315000.0
Rio de Janeiro,2019,3478360000.0,8827014000.0,124357000.0,3457,5637354000.0,148498,21957361000.0,19710661000.0,5108438000.0,6122324000.0,358092000.0,19901187000.0,7783417000.0,10827382000.0,19654396000.0,21621274000.0
Rio de Janeiro,2020,3040514000.0,8435433000.0,58187000.0,3589,6478490000.0,139910,22313991000.0,20234083000.0,4814155000.0,5429245000.0,220658000.0,19592868000.0,7464474000.0,11016552000.0,19451986000.0,20940971000.0
Rio de Janeiro,2021,4702479000.0,10515783000.0,173896000.0,3484,5776926000.0,150471,27580182000.0,25418964000.0,5405405000.0,8065427000.0,354266000.0,22418954000.0,8222334000.0,13294166000.0,23809949000.0,26215483000.0
Rio de Janeiro,2022,4915519000.0,13288125000.0,159854000.0,3611,7473335000.0,155817,31344389000.0,28674431000.0,5831533000.0,9016225000.0,443379000.0,25974398000.0,9041459000.0,13300779000.0,26588904000.0,28651679000.0
Rondônia,2007,62218000.0,99411000.0,2429000.0,192,16208000.0,3923,217622000.0,204130000.0,31889000.0,88030000.0,4855000.0,154494000.0,45401000.0,117158000.0,216568000.0,222070000.0
Rondônia,2008,93726000.0,135667000.0,0.0,179,30287000.0,6317,352836000.0,329665000.0,50354000.0,124458000.0,10000.0,224932000.0,70177000.0,210017000.0,345684000.0,355440000.0
Rondônia,2009,161675000.0,259106000.0,2501000.0,242,57427000.0,8964,547391000.0,510531000.0,83658000.0,218043000.0,2501000.0,402140000.0,124169000.0,318525000.0,577631000.0,601293000.0
Rondônia,2010,249050000.0,451394000.0,19192000.0,293,152152000.0,9770,1020060000.0,955060000.0,143144000.0,318885000.0,23399000.0,708020000.0,213583000.0,485667000.0,937061000.0,985405000.0
Rondônia,2011,285142000.0,501184000.0,2678000.0,358,129320000.0,9371,993922000.0,940562000.0,149388000.0,405374000.0,13668000.0,772872000.0,224510000.0,525065000.0,1026249000.0,1059866000.0
Rondônia,2012,217644000.0,455848000.0,437000.0,339,117254000.0,10808,990823000.0,926073000.0,172991000.0,377942000.0,9331000.0,755602000.0,251074000.0,660922000.0,1116770000.0,1133307000.0
Rondônia,2013,250590000.0,511155000.0,8819000.0,368,163566000.0,10775,961385000.0,883645000.0,166065000.0,380561000.0,17790000.0,799092000.0,237175000.0,522906000.0,1034062000.0,1106058000.0
Rondônia,2014,193155000.0,358238000.0,2558000.0,347,133776000.0,9726,1048405000.0,960187000.0,169795000.0,289585000.0,3617000.0,669952000.0,242973000.0,705726000.0,1063964000.0,1145904000.0
Rondônia,2015,154128000.0,263555000.0,66000.0,384,77975000.0,6746,840022000.0,780561000.0,143062000.0,232147000.0,2157000.0,502492000.0,190213000.0,595996000.0,859551000.0,911355000.0
Rondônia,2016,154618000.0,252716000.0,1046000.0,325,119518000.0,6826,772614000.0,696103000.0,138036000.0,208313000.0,9340000.0,515701000.0,178529000.0,459801000.0,712517000.0,782770000.0
Rondônia,2017,137971000.0,236317000.0,0.0,264,88240000.0,6489,784273000.0,712322000.0,140738000.0,191689000.0,202000.0,470700000.0,190569000.0,469715000.0,706032000.0,727988000.0
Rondônia,2018,132533000.0,271569000.0,0.0,274,78799000.0,6510,787232000.0,705222000.0,167071000.0,238301000.0,3155000.0,546578000.0,226322000.0,429325000.0,700893000.0,745857000.0
Rondônia,2019,141996000.0,296320000.0,29000.0,272,80969000.0,5584,808379000.0,726907000.0,142450000.0,245581000.0,8304000.0,524040000.0,189185000.0,374826000.0,671146000.0,720837000.0
Rondônia,2020,185530000.0,321044000.0,50000.0,296,106194000.0,5172,954205000.0,870573000.0,136475000.0,272274000.0,10603000.0,565942000.0,176871000.0,512855000.0,833898000.0,887655000.0
Rondônia,2021,143394000.0,260040000.0,19000.0,289,108418000.0,5390,706686000.0,635343000.0,151047000.0,202993000.0,37000.0,510780000.0,199333000.0,386798000.0,646837000.0,686589000.0
Rondônia,2022,199350000.0,376274000.0,0.0,286,142227000.0,5737,1068987000.0,999131000.0,163920000.0,305670000.0,89000.0,665114000.0,217128000.0,391937000.0,768211000.0,801943000.0
Roraima,2007,24867000.0,38810000.0,381000.0,69,12200000.0,2084,127261000.0,116622000.0,14778000.0,39046000.0,481000.0,72454000.0,20727000.0,75196000.0,114005000.0,122400000.0
Roraima,2008,35579000.0,51302000.0,90000.0,72,7589000.0,2615,137877000.0,129197000.0,21008000.0,46909000.0,249000.0,81968000.0,27221000.0,78054000.0,129356000.0,138140000.0
Roraima,2009,56941000.0,89821000.0,0.0,86,12990000.0,4157,241567000.0,219062000.0,26571000.0,83229000.0,0.0,132401000.0,36182000.0,129537000.0,219358000.0,238882000.0
Roraima,2010,88466000.0,141157000.0,306000.0,81,24395000.0,2981,332094000.0,307258000.0,37017000.0,129119000.0,307000.0,202727000.0,48905000.0,162559000.0,303716000.0,325942000.0
Roraima,2011,51191000.0,72554000.0,1697000.0,78,14989000.0,3136,240778000.0,224636000.0,31800000.0,64397000.0,1999000.0,123994000.0,42610000.0,137483000.0,210037000.0,223046000.0
Roraima,2012,70800000.0,112337000.0,30000.0,72,29400000.0,3368,303181000.0,283072000.0,48321000.0,97580000.0,30000.0,192238000.0,65228000.0,170475000.0,282812000.0,286813000.0
Roraima,2013,89736000.0,127461000.0,65000.0,76,27074000.0,3417,357413000.0,338697000.0,51224000.0,115991000.0,365000.0,214704000.0,71274000.0,212119000.0,339580000.0,352611000.0
Roraima,2014,95796000.0,139223000.0,0.0,88,34152000.0,3202,486331000.0,451535000.0,55912000.0,126898000.0,56000.0,236245000.0,75140000.0,298854000.0,438077000.0,464159000.0
Roraima,2015,48104000.0,89451000.0,0.0,99,30885000.0,2814,309378000.0,282343000.0,53750000.0,75156000.0,216000.0,180187000.0,73930000.0,175692000.0,265143000.0,284891000.0
Roraima,2016,94362000.0,140528000.0,231000.0,82,31290000.0,2611,341644000.0,314989000.0,52949000.0,118874000.0,2358000.0,223821000.0,71299000.0,186204000.0,326732000.0,346593000.0
Roraima,2017,119472000.0,158671000.0,0.0,76,53429000.0,2958,489045000.0,448500000.0,64669000.0,146847000.0,1051000.0,287319000.0,85992000.0,263324000.0,421995000.0,457730000.0
Roraima,2018,78712000.0,129066000.0,39000.0,70,28836000.0,2471,390095000.0,358966000.0,77519000.0,114627000.0,197000.0,252814000.0,109154000.0,175299000.0,304365000.0,331258000.0
Roraima,2019,95982000.0,146646000.0,128000.0,82,30766000.0,2516,409294000.0,373618000.0,53842000.0,128905000.0,378000.0,237035000.0,76986000.0,198986000.0,345632000.0,378196000.0
Roraima,2020,96222000.0,153032000.0,0.0,54,38895000.0,2462,473185000.0,418709000.0,59299000.0,125746000.0,0.0,246426000.0,81785000.0,154813000.0,307845000.0,359363000.0
Roraima,2021,157595000.0,243505000.0,2492000.0,80,65206000.0,2747,509135000.0,475994000.0,52815000.0,193260000.0,2666000.0,327745000.0,66613000.0,215050000.0,458556000.0,488113000.0
Roraima,2022,171649000.0,304050000.0,2688000.0,82,77020000.0,3449,717067000.0,662310000.0,80516000.0,249318000.0,11601000.0,446334000.0,108394000.0,329236000.0,633286000.0,685244000.0
Santa Catarina,2007,932106000.0,1792335000.0,23896000.0,1878,607141000.0,48059,3725694000.0,3485181000.0,508848000.0,1510822000.0,47333000.0,2892763000.0,727467000.0,1750228000.0,3542563000.0,3618091000.0
Santa Catarina,2008,1434276000.0,2410188000.0,38593000.0,1980,722929000.0,56631,4842942000.0,4524081000.0,632222000.0,1995716000.0,59050000.0,3662190000.0,884494000.0,2242076000.0,4652264000.0,4780816000.0
Santa Catarina,2009,1413269000.0,2571984000.0,11002000.0,2202,793955000.0,63648,5621291000.0,5222936000.0,774961000.0,2101419000.0,82656000.0,4092857000.0,1114827000.0,2473842000.0,5045826000.0,5290499000.0
Santa Catarina,2010,2085767000.0,4011452000.0,44374000.0,2953,1276304000.0,85245,8538900000.0,7994767000.0,1191193000.0,3472334000.0,51301000.0,6440610000.0,1640670000.0,3927672000.0,7939123000.0,8229095000.0
Santa Catarina,2011,2171327000.0,4317075000.0,43481000.0,3298,1515040000.0,83532,9480339000.0,8782749000.0,1298311000.0,3321092000.0,342885000.0,7022620000.0,1843604000.0,4732212000.0,9049287000.0,9111359000.0
Santa Catarina,2012,3010756000.0,5480866000.0,89266000.0,4056,1837375000.0,94608,11038278000.0,10231827000.0,1645016000.0,4457348000.0,154060000.0,8753032000.0,2304249000.0,5540402000.0,11021267000.0,11289905000.0
Santa Catarina,2013,2520277000.0,4976518000.0,206717000.0,4283,1593366000.0,98992,11101308000.0,10294940000.0,1864581000.0,3849024000.0,296667000.0,8408487000.0,2669430000.0,5038674000.0,10015192000.0,10251269000.0
Santa Catarina,2014,3717919000.0,6758539000.0,109969000.0,4753,1977997000.0,102993,14183257000.0,13033498000.0,2346866000.0,5623017000.0,239387000.0,11017085000.0,3176685000.0,5662546000.0,12421085000.0,13271886000.0
Santa Catarina,2015,3033398000.0,6191117000.0,200731000.0,4435,2346753000.0,91542,13744253000.0,12539954000.0,2413469000.0,4493440000.0,421693000.0,10509695000.0,3247809000.0,6173295000.0,12364412000.0,13084335000.0
Santa Catarina,2016,3005559000.0,5722449000.0,190871000.0,4285,2019805000.0,87600,13758630000.0,12664267000.0,2232873000.0,4705464000.0,327971000.0,10072542000.0,3019302000.0,5752574000.0,11475023000.0,12109732000.0
Santa Catarina,2017,3294509000.0,7275583000.0,121187000.0,4209,2665147000.0,85985,14960262000.0,13720317000.0,2374023000.0,4686057000.0,1532159000.0,12152560000.0,3269197000.0,5694952000.0,12970535000.0,13614346000.0
Santa Catarina,2018,2731783000.0,5249349000.0,72842000.0,4110,1608340000.0,77515,12066078000.0,11039603000.0,2213553000.0,4000103000.0,437719000.0,9074134000.0,3027972000.0,5193153000.0,10442502000.0,10986085000.0
Santa Catarina,2019,3114799000.0,6223252000.0,91946000.0,4445,2045127000.0,85805,13944435000.0,12796426000.0,2411470000.0,4510657000.0,646383000.0,10533966000.0,3331799000.0,5568639000.0,11791892000.0,12348792000.0
Santa Catarina,2020,3678876000.0,7232585000.0,127930000.0,4757,2235244000.0,86958,15820621000.0,14496568000.0,2584357000.0,5402934000.0,428627000.0,11589509000.0,3522704000.0,6314667000.0,13547252000.0,14139740000.0
Santa Catarina,2021,5227829000.0,9296295000.0,137086000.0,5314,2714716000.0,99477,20122780000.0,18646918000.0,3089087000.0,7493434000.0,375342000.0,14811637000.0,4228144000.0,7573302000.0,16869597000.0,17618448000.0
Santa Catarina,2022,5086699000.0,9913263000.0,328058000.0,5488,3082533000.0,102229,21046476000.0,19353222000.0,3665924000.0,7677569000.0,648698000.0,16478148000.0,5069348000.0,9006132000.0,18919395000.0,19575191000.0
Sergipe,2007,233569000.0,427317000.0,26988000.0,241,95370000.0,14863,834357000.0,774133000.0,108830000.0,350157000.0,49755000.0,651202000.0,155921000.0,339149000.0,766466000.0,805993000.0
Sergipe,2008,233142000.0,341577000.0,1002000.0,254,131885000.0,16199,867114000.0,800208000.0,170056000.0,292954000.0,1513000.0,673233000.0,246880000.0,396585000.0,738162000.0,777252000.0
Sergipe,2009,313536000.0,599475000.0,10735000.0,224,301104000.0,19602,1271819000.0,1179384000.0,198381000.0,452690000.0,10833000.0,1062663000.0,298035000.0,764873000.0,1364349000.0,1316044000.0
Sergipe,2010,412830000.0,769763000.0,12013000.0,265,236501000.0,22436,1554396000.0,1435793000.0,242062000.0,669559000.0,12920000.0,1266669000.0,347689000.0,646146000.0,1415909000.0,1541538000.0
Sergipe,2011,498887000.0,987476000.0,5411000.0,374,467007000.0,27641,2045579000.0,1917003000.0,342310000.0,809810000.0,5972000.0,1790774000.0,507986000.0,890285000.0,1877761000.0,1998193000.0
Sergipe,2012,552002000.0,1198912000.0,2406000.0,303,471388000.0,24364,2511847000.0,2386486000.0,496900000.0,1100953000.0,4145000.0,2319931000.0,743444000.0,1201104000.0,2400015000.0,2653141000.0
Sergipe,2013,524591000.0,1009408000.0,55000.0,385,485430000.0,26457,2377033000.0,2231447000.0,435118000.0,832682000.0,39077000.0,2004629000.0,647440000.0,1284848000.0,2294256000.0,2475387000.0
Sergipe,2014,687437000.0,1270986000.0,1817000.0,422,509892000.0,30454,2789803000.0,2638506000.0,516484000.0,1137983000.0,6024000.0,2433371000.0,779473000.0,1325803000.0,2596789000.0,2636385000.0
Sergipe,2015,577867000.0,1113169000.0,5957000.0,467,482201000.0,28287,2638007000.0,2424737000.0,517977000.0,950167000.0,12445000.0,2194801000.0,749989000.0,1431797000.0,2544966000.0,2786552000.0
Sergipe,2016,515300000.0,1054292000.0,4988000.0,452,674732000.0,18766,2786462000.0,2562055000.0,397439000.0,937675000.0,19150000.0,2201200000.0,569643000.0,1457686000.0,2511977000.0,2785062000.0
Sergipe,2017,332516000.0,701818000.0,8507000.0,359,545799000.0,15800,1647659000.0,1503050000.0,369570000.0,554850000.0,26796000.0,1656703000.0,529258000.0,865621000.0,1567439000.0,1735662000.0
Sergipe,2018,458874000.0,867279000.0,1545000.0,377,497499000.0,14643,1882615000.0,1699306000.0,328772000.0,678116000.0,51690000.0,1699651000.0,472346000.0,804967000.0,1672247000.0,1841857000.0
Sergipe,2019,316870000.0,611666000.0,16512000.0,293,288789000.0,13033,1566089000.0,1454448000.0,322929000.0,440529000.0,69183000.0,1248571000.0,450070000.0,648143000.0,1259808000.0,1355635000.0
Sergipe,2020,317435000.0,646949000.0,7434000.0,349,389972000.0,12425,1749835000.0,1624029000.0,382743000.0,486347000.0,31814000.0,1436820000.0,528686000.0,868021000.0,1514970000.0,1641753000.0
Sergipe,2021,382635000.0,753944000.0,10684000.0,407,400132000.0,12786,1787213000.0,1678917000.0,303480000.0,555613000.0,51779000.0,1432065000.0,424541000.0,783258000.0,1537202000.0,1594849000.0
Sergipe,2022,354534000.0,736395000.0,25779000.0,393,402661000.0,15490,2119627000.0,1967683000.0,411866000.0,516448000.0,63446000.0,1548281000.0,565726000.0,985123000.0,1721517000.0,1872124000.0
São Paulo,2007,8288701000.0,22566779000.0,468677000.0,8289,9763154000.0,483797,48959124000.0,45571817000.0,7346645000.0,15799777000.0,711273000.0,37454925000.0,11180721000.0,23362755000.0,45929534000.0,47413950000.0
São Paulo,2008,11834011000.0,30270908000.0,393697000.0,9004,12542025000.0,544429,59693864000.0,55186198000.0,9947077000.0,21739460000.0,676173000.0,50023526000.0,15065868000.0,25506195000.0,55777103000.0,58811007000.0
São Paulo,2009,13856727000.0,36854627000.0,286941000.0,10443,14725772000.0,613521,73725987000.0,67999685000.0,12084231000.0,26404499000.0,1017726000.0,60717249000.0,18569253000.0,31868862000.0,68723488000.0,72143184000.0
São Paulo,2010,19999479000.0,48753257000.0,773951000.0,11813,18436250000.0,700340,95017705000.0,88271171000.0,15735548000.0,35327860000.0,2155151000.0,80047151000.0,24127890000.0,40610520000.0,89363777000.0,93268087000.0
São Paulo,2011,19239547000.0,47736075000.0,1132047000.0,13832,20463638000.0,731719,93502668000.0,86936743000.0,18022172000.0,32852155000.0,2573579000.0,83179120000.0,27289749000.0,45220023000.0,92956098000.0,96403624000.0
São Paulo,2012,22136362000.0,56645207000.0,962176000.0,15054,24269663000.0,773125,111656728000.0,103814013000.0,21037969000.0,39371135000.0,1966666000.0,97818219000.0,32210755000.0,51343624000.0,107988831000.0,113047646000.0
São Paulo,2013,24021098000.0,60088037000.0,1174829000.0,16341,24826870000.0,796749,123075739000.0,114411851000.0,23533060000.0,43141082000.0,2012623000.0,106424738000.0,36444162000.0,58219490000.0,118307527000.0,122439699000.0
São Paulo,2014,24576651000.0,62687956000.0,961992000.0,16732,29117470000.0,752829,127242698000.0,117052585000.0,25009405000.0,44240458000.0,2362338000.0,112910647000.0,37190381000.0,58618858000.0,121306814000.0,128390682000.0
São Paulo,2015,19092923000.0,51016062000.0,603949000.0,16165,27395652000.0,636093,106227486000.0,97422681000.0,21970404000.0,34550522000.0,2632827000.0,96821577000.0,32242576000.0,51984153000.0,103000215000.0,110430479000.0
São Paulo,2016,16249609000.0,43452028000.0,285525000.0,15057,23054984000.0,508468,89853874000.0,81984149000.0,17774083000.0,30244309000.0,1657186000.0,81575280000.0,26618801000.0,43664720000.0,87116748000.0,94016726000.0
São Paulo,2017,14374707000.0,37690818000.0,301266000.0,14421,21025389000.0,487002,79731245000.0,73178712000.0,16242968000.0,26034874000.0,1585803000.0,72928726000.0,24282662000.0,40547798000.0,78238616000.0,83564486000.0
São Paulo,2018,14537478000.0,38851055000.0,499416000.0,15623,25095305000.0,487594,88013938000.0,81029534000.0,16776225000.0,28500959000.0,1344027000.0,79733949000.0,24793866000.0,37235916000.0,76086971000.0,81883527000.0
São Paulo,2019,15125485000.0,41553804000.0,482143000.0,15288,39474615000.0,497944,89653940000.0,81840244000.0,17989550000.0,29798677000.0,1708654000.0,97749598000.0,26767652000.0,37896825000.0,79450628000.0,85072846000.0
São Paulo,2020,14899864000.0,41124430000.0,593755000.0,15793,30247259000.0,538859,92427871000.0,84378318000.0,18670718000.0,28310891000.0,1740575000.0,87831743000.0,27533018000.0,42643382000.0,83767812000.0,89337105000.0
São Paulo,2021,17584091000.0,48386460000.0,1084591000.0,16746,35392132000.0,583939,107854568000.0,98749618000.0,22074770000.0,33271552000.0,2947577000.0,104067065000.0,32455804000.0,50228975000.0,98615435000.0,106345532000.0
São Paulo,2022,24628492000.0,62962504000.0,1477525000.0,17535,37078996000.0,634413,132348507000.0,121425698000.0,25463748000.0,43619319000.0,4427863000.0,122753769000.0,37627590000.0,51692933000.0,114655437000.0,123799565000.0
Tocantins,2007,60981000.0,153660000.0,1211000.0,147,189461000.0,5114,555339000.0,513316000.0,47500000.0,101168000.0,1467000.0,359635000.0,67539000.0,362371000.0,516031000.0,555033000.0
Tocantins,2008,88382000.0,164685000.0,1019000.0,153,47446000.0,5095,444958000.0,418058000.0,51729000.0,137674000.0,2344000.0,261129000.0,73665000.0,253891000.0,418576000.0,442735000.0
Tocantins,2009,73429000.0,191416000.0,5581000.0,163,71208000.0,6581,618273000.0,574052000.0,65331000.0,136043000.0,7667000.0,307141000.0,92223000.0,392294000.0,583709000.0,621494000.0
Tocantins,2010,138370000.0,278437000.0,7134000.0,203,96061000.0,7281,762938000.0,697112000.0,98260000.0,231581000.0,8199000.0,474074000.0,138233000.0,435114000.0,713551000.0,773938000.0
Tocantins,2011,151205000.0,270643000.0,244000.0,247,108844000.0,7367,697272000.0,652548000.0,104860000.0,225130000.0,2442000.0,485137000.0,148721000.0,385728000.0,656371000.0,704368000.0
Tocantins,2012,229873000.0,368606000.0,73000.0,230,128534000.0,8287,816202000.0,763419000.0,114461000.0,312068000.0,3435000.0,605285000.0,161248000.0,305828000.0,674434000.0,724439000.0
Tocantins,2013,358030000.0,600491000.0,3059000.0,258,180794000.0,10962,1304739000.0,1225039000.0,178163000.0,517060000.0,4508000.0,965503000.0,263142000.0,530633000.0,1131125000.0,1177332000.0
Tocantins,2014,357999000.0,643745000.0,27000.0,327,163830000.0,11138,1482085000.0,1386791000.0,214094000.0,559365000.0,675000.0,1023474000.0,299604000.0,581668000.0,1225413000.0,1301777000.0
Tocantins,2015,270632000.0,525299000.0,2515000.0,341,236030000.0,11014,1583067000.0,1472089000.0,231321000.0,392315000.0,27827000.0,973103000.0,316931000.0,638652000.0,1163950000.0,1255973000.0
Tocantins,2016,188166000.0,466241000.0,22317000.0,287,182609000.0,8829,1175962000.0,1092676000.0,212497000.0,318968000.0,62381000.0,859603000.0,295646000.0,418120000.0,884361000.0,973869000.0
Tocantins,2017,267847000.0,527737000.0,15980000.0,262,230048000.0,7377,1173149000.0,1098135000.0,177456000.0,360970000.0,69465000.0,916939000.0,256456000.0,507147000.0,1034885000.0,1107989000.0
Tocantins,2018,176037000.0,487051000.0,3548000.0,278,220874000.0,7568,1138413000.0,1059695000.0,200243000.0,324387000.0,18688000.0,851956000.0,288008000.0,501087000.0,988138000.0,1043236000.0
Tocantins,2019,173902000.0,353793000.0,0.0,230,123107000.0,4898,811363000.0,742395000.0,128723000.0,268929000.0,1647000.0,578077000.0,184394000.0,352430000.0,706224000.0,760347000.0
Tocantins,2020,185909000.0,369859000.0,6063000.0,284,154440000.0,5689,799157000.0,730370000.0,134102000.0,261023000.0,6863000.0,606294000.0,183968000.0,343653000.0,713512000.0,788916000.0
Tocantins,2021,215811000.0,424240000.0,0.0,297,135513000.0,5662,1088786000.0,1006008000.0,144757000.0,341540000.0,0.0,687405000.0,210351000.0,580730000.0,1004970000.0,1076580000.0
Tocantins,2022,312957000.0,607476000.0,498000.0,248,288752000.0,6226,1418291000.0,1288981000.0,174026000.0,515560000.0,937000.0,1048818000.0,243569000.0,617486000.0,1224961000.0,1285939000.0
