estado,ano,materiais_construcao_mil_reais,consumo_intermediario_mil_reais,materiais_terceiros_mil_reais,numero_empresas_ativas,outros_custos_despesas_mil_reais,pessoal_ocupado,receita_bruta_total_mil_reais,receita_liquida_mil_reais,remuneracoes_mil_reais,custos_obras_servicos_mil_reais,custos_terceiros_mil_reais,custos_totais_despesas_mil_reais,gastos_pessoal_mil_reais,valor_adicionado_mil_reais,valor_bruto_producao_mil_reais,valor_obras_servicos_mil_reais
Acre,2007,75062.0,102860.0,34.0,89.0,18982.0,4230.0,279427.0,254127.0,41883.0,92158.0,50.0,167193.0,56002.0,151794.0,254655.0,278969.0
Acre,2008,154494.0,215491.0,0.0,113.0,31289.0,5129.0,446819.0,413260.0,54418.0,203471.0,0.0,310690.0,75930.0,197500.0,412991.0,443351.0
Acre,2009,151690.0,223251.0,4894.0,131.0,34984.0,6398.0,543075.0,483182.0,62213.0,203152.0,5129.0,329485.0,86220.0,244349.0,467599.0,521595.0
Acre,2010,232777.0,312247.0,3816.0,149.0,69492.0,6502.0,628673.0,585984.0,78055.0,261823.0,6249.0,446763.0,109200.0,274928.0,587176.0,625113.0
Acre,2011,187268.0,296929.0,586.0,181.0,51628.0,6818.0,643797.0,545296.0,95666.0,268742.0,854.0,452621.0,131397.0,262792.0,559721.0,650487.0
Acre,2012,216252.0,347210.0,1646.0,149.0,101508.0,6995.0,840751.0,787651.0,98757.0,289706.0,2870.0,533357.0,139272.0,359737.0,706947.0,729792.0
Acre,2013,202887.0,350154.0,847.0,165.0,72865.0,8298.0,754999.0,698106.0,134163.0,303897.0,1540.0,563180.0,184878.0,290617.0,640771.0,686111.0
Acre,2014,258519.0,455044.0,154.0,182.0,85287.0,8085.0,819144.0,760318.0,150761.0,402861.0,154.0,688777.0,200476.0,322843.0,777887.0,832180.0
Acre,2015,131213.0,242378.0,100.0,161.0,69671.0,5572.0,613621.0,563283.0,122558.0,211217.0,100.0,444166.0,163178.0,335378.0,577757.0,598377.0
Acre,2016,120678.0,199240.0,0.0,125.0,45969.0,3446.0,505164.0,465542.0,81627.0,181904.0,0.0,333829.0,105956.0,275871.0,475111.0,509585.0
Acre,2017,115622.0,198962.0,86.0,110.0,51338.0,3147.0,444003.0,403243.0,71403.0,177495.0,682.0,327731.0,98217.0,213573.0,412535.0,431419.0
Acre,2018,105723.0,176153.0,0.0,122.0,39143.0,3064.0,449363.0,406499.0,64691.0,156522.0,1723.0,286275.0,88888.0,234430.0,410583.0,433816.0
Acre,2019,63548.0,114945.0,116.0,111.0,29146.0,2658.0,368178.0,339155.0,60688.0,134856.0,268.0,249272.0,85003.0,202123.0,317068.0,349084.0
Acre,2020,90294.0,200720.0,0.0,90.0,52692.0,2696.0,434741.0,409536.0,66065.0,160168.0,1393.0,309427.0,95174.0,209929.0,410649.0,404706.0
Acre,2021,106878.0,231321.0,1233.0,111.0,40816.0,3201.0,594948.0,558428.0,91062.0,198914.0,1438.0,367792.0,126625.0,292490.0,523811.0,550967.0
Acre,2022,122508.0,289007.0,5442.0,124.0,76380.0,3741.0,585313.0,536306.0,109354.0,238069.0,8382.0,470949.0,148117.0,290742.0,579749.0,594493.0
Alagoas,2007,185430.0,280098.0,5483.0,258.0,87132.0,8847.0,614950.0,569505.0,76130.0,255952.0,6178.0,457848.0,108587.0,321005.0,601103.0,639962.0
Alagoas,2008,196240.0,309128.0,92.0,265.0,50563.0,11629.0,716260.0,664392.0,106608.0,296786.0,176.0,498095.0,150569.0,307639.0,616767.0,667121.0
Alagoas,2009,206326.0,344380.0,0.0,267.0,156718.0,13790.0,894310.0,839680.0,154777.0,262757.0,0.0,632927.0,213452.0,479578.0,823958.0,881036.0
Alagoas,2010,397459.0,605532.0,330.0,297.0,142386.0,22689.0,1310999.0,1242484.0,199773.0,511467.0,1161.0,939403.0,284389.0,628254.0,1233786.0,1286570.0
Alagoas,2011,551051.0,978236.0,8134.0,346.0,244240.0,26710.0,1930499.0,1839413.0,319772.0,823777.0,10819.0,1539494.0,460659.0,817054.0,1795290.0,1889299.0
Alagoas,2012,642294.0,1105501.0,12849.0,390.0,291354.0,26832.0,2222956.0,2107671.0,342704.0,927932.0,18695.0,1747973.0,509992.0,1025895.0,2131396.0,2242246.0
Alagoas,2013,610788.0,1064724.0,9968.0,479.0,273379.0,26331.0,2395468.0,2292093.0,401902.0,883832.0,13063.0,1763215.0,592941.0,1010956.0,2075680.0,2165213.0
Alagoas,2014,778941.0,1270472.0,49.0,442.0,294857.0,24445.0,2687680.0,2554197.0,394400.0,1103318.0,1110.0,2044976.0,645691.0,1151652.0,2422124.0,2544270.0
Alagoas,2015,482325.0,936591.0,285.0,509.0,260134.0,22256.0,2112126.0,1997475.0,382698.0,778600.0,4899.0,1595844.0,552210.0,994770.0,1931361.0,2038545.0
Alagoas,2016,547805.0,966996.0,21099.0,432.0,238262.0,17443.0,2134269.0,2015984.0,369962.0,880186.0,21193.0,1670220.0,530579.0,1002937.0,1969932.0,2125754.0
Alagoas,2017,458492.0,760826.0,2434.0,409.0,241465.0,15950.0,2212430.0,2074085.0,302068.0,632396.0,4857.0,1323101.0,444382.0,1085549.0,1846374.0,1948220.0
Alagoas,2018,514472.0,764238.0,5695.0,422.0,191564.0,13448.0,1889812.0,1784107.0,303045.0,688070.0,8179.0,1312333.0,424520.0,869138.0,1633376.0,1740765.0
Alagoas,2019,496291.0,810141.0,37.0,291.0,208703.0,13062.0,1812985.0,1691523.0,264628.0,711264.0,7758.0,1325151.0,397426.0,807805.0,1617945.0,1748587.0
Alagoas,2020,568124.0,958759.0,2519.0,364.0,266226.0,15653.0,2386231.0,2258425.0,339828.0,815991.0,5483.0,1574240.0,486541.0,1096099.0,2054858.0,2147755.0
Alagoas,2021,752424.0,1248272.0,19872.0,444.0,316465.0,16477.0,3253995.0,3033386.0,359539.0,1093506.0,31931.0,1955944.0,514042.0,1894488.0,3142761.0,3376185.0
Alagoas,2022,941401.0,1749619.0,4490.0,474.0,461682.0,20333.0,3709465.0,3468948.0,540249.0,1525954.0,9665.0,2771612.0,774312.0,1554820.0,3304438.0,3546869.0
Amapá,2007,25980.0,46176.0,2046.0,60.0,10099.0,2170.0,123408.0,111823.0,18412.0,38158.0,2901.0,75490.0,24331.0,64070.0,110246.0,115204.0
Amapá,2008,44782.0,75329.0,3703.0,62.0,12984.0,1965.0,163192.0,148865.0,22761.0,65399.0,3703.0,113632.0,31546.0,70686.0,146016.0,158798.0
Amapá,2009,33816.0,46712.0,68.0,96.0,7501.0,2545.0,147674.0,135917.0,28909.0,42902.0,195.0,87295.0,36697.0,83362.0,130074.0,137079.0
Amapá,2010,43828.0,68278.0,1.0,133.0,10957.0,3945.0,195166.0,183987.0,37780.0,62236.0,18.0,120948.0,47738.0,88890.0,157169.0,163378.0
Amapá,2011,57878.0,91064.0,34.0,110.0,18245.0,3916.0,199393.0,186347.0,36329.0,79355.0,42.0,145767.0,48125.0,88052.0,179116.0,183115.0
Amapá,2012,41146.0,92133.0,1364.0,108.0,20201.0,4064.0,274958.0,240926.0,52055.0,77379.0,1688.0,165123.0,65855.0,148447.0,240581.0,266965.0
Amapá,2013,86170.0,133105.0,73.0,131.0,45247.0,4601.0,324998.0,301198.0,68955.0,108739.0,78.0,249834.0,95770.0,173924.0,307030.0,319320.0
Amapá,2014,77188.0,119106.0,51.0,136.0,31724.0,5412.0,375386.0,350762.0,95316.0,101545.0,69.0,254490.0,121152.0,229957.0,349063.0,359147.0
Amapá,2015,47472.0,93746.0,78.0,147.0,41555.0,4109.0,344393.0,325592.0,74403.0,82608.0,78.0,225624.0,101382.0,246087.0,339832.0,356114.0
Amapá,2016,86117.0,123653.0,30.0,143.0,21969.0,2998.0,315182.0,286630.0,66335.0,115385.0,45.0,226406.0,89006.0,160373.0,284026.0,312659.0
Amapá,2017,65899.0,141754.0,8252.0,119.0,42738.0,2264.0,332126.0,304915.0,56031.0,110336.0,19672.0,246809.0,74063.0,168919.0,310673.0,328745.0
Amapá,2018,39856.0,88269.0,8.0,106.0,28869.0,2577.0,278864.0,254523.0,41661.0,67536.0,2419.0,152439.0,53616.0,152978.0,241247.0,268795.0
Amapá,2019,7506.0,26049.0,76.0,30.0,5466.0,741.0,88263.0,84586.0,15902.0,23735.0,111.0,51579.0,22267.0,56917.0,82966.0,88054.0
Amapá,2020,13590.0,29024.0,2987.0,42.0,9341.0,1057.0,90861.0,86349.0,36296.0,17515.0,4187.0,74749.0,43705.0,56858.0,85883.0,90372.0
Amapá,2021,67208.0,134467.0,3898.0,102.0,33750.0,2744.0,342551.0,302983.0,65512.0,111320.0,4898.0,234998.0,85030.0,176984.0,311451.0,346395.0
Amapá,2022,157174.0,297420.0,0.0,105.0,87358.0,3611.0,629343.0,586640.0,85418.0,231797.0,0.0,429442.0,110287.0,270643.0,568063.0,598703.0
Amazonas,2007,380471.0,598369.0,8017.0,245.0,144195.0,13778.0,1218224.0,1128228.0,152835.0,499196.0,12000.0,878903.0,223512.0,539719.0,1138088.0,1195443.0
Amazonas,2008,369188.0,681823.0,7293.0,323.0,181200.0,15766.0,1420958.0,1311214.0,182269.0,544377.0,31565.0,1026782.0,269641.0,593313.0,1275136.0,1359181.0
Amazonas,2009,673719.0,1194979.0,17393.0,372.0,297676.0,19103.0,2249937.0,2100292.0,243823.0,975297.0,25576.0,1659762.0,361213.0,939165.0,2134144.0,2232300.0
Amazonas,2010,761559.0,1508534.0,21644.0,418.0,430691.0,22293.0,2849792.0,2656611.0,313135.0,1224541.0,26454.0,2159886.0,478201.0,1346302.0,2854836.0,2756604.0
Amazonas,2011,752764.0,1325689.0,31741.0,464.0,368398.0,22662.0,2642073.0,2456935.0,360715.0,1080224.0,34321.0,2036113.0,553170.0,1187959.0,2513648.0,2627820.0
Amazonas,2012,796204.0,1360826.0,5449.0,498.0,428526.0,24261.0,2960795.0,2776868.0,452177.0,1121629.0,6486.0,2232917.0,676277.0,1490864.0,2851690.0,2974236.0
Amazonas,2013,1008996.0,1544291.0,10090.0,595.0,401736.0,30573.0,3399804.0,3159294.0,548225.0,1317602.0,17228.0,2562531.0,825965.0,1649481.0,3193772.0,3389503.0
Amazonas,2014,1161796.0,1736901.0,24344.0,632.0,393504.0,25538.0,3670803.0,3402193.0,495482.0,1493749.0,29330.0,2644290.0,727707.0,1811621.0,3548521.0,3716653.0
Amazonas,2015,662770.0,1248366.0,16055.0,572.0,459025.0,20307.0,3032452.0,2742706.0,481300.0,983973.0,23340.0,2164553.0,698215.0,1512822.0,2761188.0,2939056.0
Amazonas,2016,520116.0,974767.0,1002.0,464.0,302370.0,13772.0,2529675.0,2289622.0,331938.0,811098.0,2575.0,1597605.0,481562.0,1358842.0,2333610.0,2521460.0
Amazonas,2017,464349.0,821551.0,4230.0,415.0,260170.0,12581.0,2179296.0,2006299.0,315165.0,699872.0,4604.0,1424583.0,459937.0,1214991.0,2036542.0,2129036.0
Amazonas,2018,651284.0,1285616.0,14751.0,436.0,389083.0,13843.0,2964095.0,2739876.0,354999.0,1046321.0,36800.0,1991401.0,519197.0,1265268.0,2550884.0,2659667.0
Amazonas,2019,707106.0,1186406.0,363.0,416.0,323517.0,15588.0,2798468.0,2605217.0,395311.0,1009677.0,12058.0,1920112.0,574859.0,1523109.0,2709516.0,2836456.0
Amazonas,2020,685616.0,1351675.0,1495.0,438.0,466548.0,17767.0,3719571.0,3428750.0,444657.0,1012843.0,86726.0,2235335.0,669218.0,1788905.0,3140580.0,3368097.0
Amazonas,2021,714360.0,1354397.0,10.0,395.0,419563.0,17872.0,3416610.0,3124114.0,472981.0,1165855.0,17159.0,2328559.0,725982.0,1796866.0,3151263.0,3382566.0
Amazonas,2022,964549.0,1829428.0,3425.0,440.0,828879.0,18077.0,4584240.0,4200755.0,600223.0,1474893.0,65409.0,3291136.0,921955.0,1842798.0,3672226.0,4063373.0
Bahia,2007,1055790.0,2361107.0,54188.0,1188.0,962458.0,79136.0,5480696.0,5073027.0,896681.0,1673501.0,88143.0,4137044.0,1412941.0,2714264.0,5075371.0,5309999.0
Bahia,2008,1241117.0,2877006.0,41489.0,1209.0,1263203.0,78291.0,6445692.0,5946672.0,1106275.0,2017716.0,136621.0,5185482.0,1767942.0,3289176.0,6166182.0,6507631.0
Bahia,2009,1314799.0,3020435.0,163404.0,1325.0,1071845.0,96614.0,7600777.0,7048532.0,1396162.0,2163988.0,183390.0,5595585.0,2176362.0,4149476.0,7169910.0,7608119.0
Bahia,2010,2177714.0,4641819.0,31602.0,1583.0,1842822.0,130499.0,11178047.0,10459029.0,2034820.0,3535334.0,111296.0,8717469.0,3228017.0,5920534.0,10562353.0,11164253.0
Bahia,2011,2541116.0,5116846.0,86173.0,2100.0,1937191.0,136758.0,11779965.0,10897262.0,2340160.0,3748120.0,180954.0,9512408.0,3646143.0,5724273.0,10841118.0,11524682.0
Bahia,2012,2948228.0,6443215.0,49015.0,2074.0,2589349.0,149748.0,13994626.0,12945224.0,2948901.0,4618535.0,167592.0,12026644.0,4651168.0,7229959.0,13673174.0,14588675.0
Bahia,2013,3216939.0,6653759.0,79226.0,2471.0,2592458.0,155109.0,14737758.0,13689008.0,3184773.0,4910066.0,183908.0,12628806.0,4942374.0,7361128.0,14014886.0,14851509.0
Bahia,2014,3452048.0,7524187.0,70428.0,2709.0,2614778.0,145981.0,16951135.0,15765934.0,3310157.0,5809362.0,140220.0,13627831.0,5063470.0,8205949.0,15730136.0,16583082.0
Bahia,2015,2507562.0,5545282.0,28314.0,2824.0,2020476.0,113267.0,13442230.0,12291814.0,2922838.0,4334887.0,74997.0,10828311.0,4397951.0,7376433.0,12921715.0,13622046.0
Bahia,2016,2133095.0,4645424.0,59663.0,2313.0,2086564.0,90652.0,12148270.0,11178223.0,2506763.0,3445377.0,117876.0,9501401.0,3851583.0,6411391.0,11056815.0,11853313.0
Bahia,2017,1907333.0,3987300.0,68798.0,2150.0,1648169.0,84886.0,10156716.0,9283929.0,2219108.0,2933058.0,116004.0,8049089.0,3351858.0,5441030.0,9428330.0,10152681.0
Bahia,2018,2322713.0,4545649.0,6219.0,2251.0,1589993.0,85689.0,10798310.0,9901345.0,2247853.0,3561052.0,29258.0,8622957.0,3442655.0,5184444.0,9730093.0,10476209.0
Bahia,2019,1997521.0,4113156.0,12663.0,2010.0,1483454.0,79518.0,10313986.0,9470333.0,2250913.0,3177411.0,97001.0,8200964.0,3443098.0,5620286.0,9733442.0,10491856.0
Bahia,2020,2483470.0,5298544.0,30460.0,2174.0,1569942.0,80129.0,11658549.0,10652191.0,2220118.0,4178548.0,107441.0,9283589.0,3427658.0,5191858.0,10490402.0,11271911.0
Bahia,2021,3299437.0,6613629.0,54600.0,2180.0,1870077.0,91437.0,14147831.0,12930272.0,2457198.0,5172759.0,214198.0,11066548.0,3809514.0,6401600.0,13015229.0,13849824.0
Bahia,2022,4006184.0,8770638.0,35308.0,2319.0,2655821.0,109361.0,19766502.0,18159955.0,3183460.0,6922689.0,270531.0,14726665.0,4877625.0,8012772.0,16783410.0,18067540.0
Ceará,2007,545232.0,1024132.0,24014.0,560.0,362874.0,36746.0,2314742.0,2191131.0,317559.0,800391.0,38297.0,1678784.0,477221.0,1167574.0,2191706.0,2198187.0
Ceará,2008,834046.0,1614572.0,12499.0,691.0,567966.0,45257.0,3407378.0,3207244.0,485523.0,1342532.0,20617.0,2657545.0,726430.0,1414343.0,3028915.0,3127389.0
Ceará,2009,965639.0,2087711.0,24238.0,807.0,801841.0,56530.0,4226901.0,3966729.0,606793.0,1569309.0,32583.0,3302540.0,898807.0,1910768.0,3998479.0,4156254.0
Ceará,2010,1530165.0,3282536.0,42500.0,875.0,1339430.0,78223.0,6109017.0,5717470.0,903549.0,2440946.0,54315.0,5288540.0,1453848.0,2790852.0,6073388.0,6333932.0
Ceará,2011,1431381.0,3255701.0,59805.0,1323.0,1304333.0,90339.0,7202517.0,6730748.0,1135405.0,2345700.0,100485.0,5504916.0,1754399.0,3316956.0,6572657.0,6871672.0
Ceará,2012,1358695.0,3300760.0,57681.0,1259.0,1348997.0,86019.0,7817295.0,7253514.0,1306519.0,2449957.0,125034.0,5936873.0,2012884.0,3995019.0,7295780.0,7822403.0
Ceará,2013,1627833.0,4131127.0,89633.0,1423.0,1573368.0,92412.0,8870018.0,8221027.0,1602803.0,3005332.0,125786.0,7042129.0,2337642.0,4273114.0,8404241.0,8786563.0
Ceará,2014,2103242.0,5244933.0,81175.0,1601.0,1928770.0,106539.0,11180213.0,10305147.0,1976401.0,3890493.0,154330.0,8946123.0,2972529.0,5405326.0,10650259.0,11266154.0
Ceará,2015,2159096.0,6115239.0,79125.0,1846.0,1971826.0,100764.0,13158543.0,12343042.0,2411603.0,4739161.0,165315.0,10518558.0,3642257.0,5699983.0,11815222.0,12490292.0
Ceará,2016,2403954.0,5484518.0,33075.0,1656.0,1664789.0,70373.0,10231890.0,9402935.0,1897377.0,4474336.0,151336.0,9238147.0,2947686.0,5396047.0,10880565.0,11482185.0
Ceará,2017,1462608.0,3298269.0,29094.0,1569.0,1516189.0,63022.0,7851103.0,7144354.0,1474723.0,2339880.0,74860.0,6136482.0,2205552.0,3502285.0,6800554.0,7285349.0
Ceará,2018,1642464.0,3375438.0,30256.0,1443.0,1363617.0,57826.0,8256843.0,7583618.0,1472649.0,2656237.0,72899.0,6323577.0,2230824.0,3880397.0,7255835.0,7816780.0
Ceará,2019,1554044.0,3013593.0,6655.0,1537.0,1454815.0,48423.0,7179532.0,6662527.0,1180177.0,2393298.0,22088.0,5632568.0,1762366.0,3582097.0,6595690.0,7055765.0
Ceará,2020,1610685.0,3336782.0,10002.0,1524.0,1232055.0,52456.0,7301396.0,6778598.0,1155754.0,2536659.0,27430.0,5526612.0,1730467.0,3431208.0,6767990.0,7135121.0
Ceará,2021,2101084.0,4205476.0,21372.0,1333.0,1491376.0,56146.0,8874858.0,8219903.0,1411808.0,3114402.0,99475.0,6825956.0,2120703.0,4003566.0,8209042.0,8757018.0
Ceará,2022,2651647.0,5713996.0,76519.0,1386.0,2043408.0,61368.0,11855203.0,10985834.0,1743766.0,4228391.0,159838.0,9013162.0,2581525.0,4779168.0,10493164.0,11041843.0
Distrito Federal,2007,686313.0,1736731.0,100625.0,514.0,525290.0,36154.0,3266547.0,3071817.0,440989.0,1086233.0,371853.0,2636961.0,653585.0,1486780.0,3223511.0,3271971.0
Distrito Federal,2008,898028.0,1948982.0,29931.0,611.0,676300.0,38907.0,3868241.0,3611921.0,436471.0,1398553.0,161187.0,2880034.0,643994.0,1828685.0,3777667.0,3914639.0
Distrito Federal,2009,1178877.0,2238551.0,80621.0,792.0,838237.0,50539.0,5472182.0,5165718.0,598568.0,1672525.0,159804.0,3559939.0,889375.0,3489485.0,5728037.0,5909849.0
Distrito Federal,2010,1966383.0,3905421.0,287447.0,952.0,1284774.0,59244.0,7694871.0,7292834.0,825181.0,2724765.0,469591.0,5713198.0,1234067.0,3469878.0,7375299.0,7640372.0
Distrito Federal,2011,1868249.0,3755258.0,63126.0,1127.0,1429952.0,59431.0,7977444.0,7552050.0,960014.0,2898367.0,151394.0,5921257.0,1441545.0,3626489.0,7381747.0,7759327.0
Distrito Federal,2012,2689486.0,5088860.0,110031.0,1227.0,1518498.0,75928.0,9634012.0,9055592.0,1265311.0,4065022.0,288579.0,7760324.0,1888226.0,4295452.0,9384312.0,9841919.0
Distrito Federal,2013,2293821.0,5586835.0,100048.0,1396.0,1774675.0,64251.0,11167313.0,10330753.0,1481845.0,4572893.0,155668.0,8711063.0,2207828.0,4705874.0,10292709.0,11014263.0
Distrito Federal,2014,1946910.0,4529264.0,8342.0,1313.0,1787902.0,53188.0,9954553.0,9333557.0,1443565.0,3290853.0,83704.0,7228051.0,2065591.0,4329893.0,8859157.0,9376989.0
Distrito Federal,2015,1486288.0,3373189.0,48930.0,1318.0,1564426.0,42079.0,6400899.0,5886522.0,1175547.0,2379114.0,88019.0,5754534.0,1722974.0,3508346.0,6881535.0,7338301.0
Distrito Federal,2016,1120469.0,2681013.0,2287.0,1017.0,1133599.0,37012.0,5264790.0,4773543.0,1089370.0,2123000.0,54288.0,4866758.0,1555870.0,3699983.0,6380996.0,6639095.0
Distrito Federal,2017,1075659.0,1938863.0,27324.0,825.0,890024.0,30593.0,4863162.0,4491076.0,1009783.0,1541658.0,68536.0,3985340.0,1485122.0,2470579.0,4409442.0,4585088.0
Distrito Federal,2018,1470722.0,2878356.0,2374.0,879.0,1014694.0,35800.0,6326135.0,5884887.0,1212346.0,2293841.0,41953.0,5160407.0,1809918.0,3133576.0,6011932.0,6256653.0
Distrito Federal,2019,1417242.0,3143342.0,15399.0,879.0,858786.0,37183.0,6650451.0,6265402.0,1150537.0,2464748.0,180157.0,5224602.0,1720911.0,3072286.0,6215628.0,6519725.0
Distrito Federal,2020,1528338.0,2923849.0,70531.0,898.0,819977.0,35477.0,6365201.0,5922316.0,1238475.0,2287968.0,249221.0,5178470.0,1821305.0,3540986.0,6464834.0,6326642.0
Distrito Federal,2021,1871914.0,4054878.0,170793.0,1002.0,1441525.0,43903.0,7943718.0,7415079.0,1353311.0,2719163.0,355883.0,6545727.0,2029156.0,2966414.0,7021292.0,7327137.0
Distrito Federal,2022,2025658.0,4566666.0,125831.0,1229.0,1455305.0,48577.0,9857177.0,9153322.0,1661557.0,3438302.0,437986.0,7825991.0,2494397.0,4086211.0,8652877.0,9253039.0
Espírito Santo,2007,544332.0,1093551.0,639.0,788.0,370428.0,38329.0,2402627.0,2212954.0,344035.0,840204.0,11969.0,1748214.0,525614.0,1007151.0,2100701.0,2256873.0
Espírito Santo,2008,788840.0,1315891.0,22522.0,886.0,382244.0,40855.0,2987975.0,2766217.0,422767.0,1051825.0,34407.0,2111135.0,642658.0,1477729.0,2793619.0,2941151.0
Espírito Santo,2009,714987.0,1308929.0,33187.0,1042.0,413756.0,42748.0,2958701.0,2726963.0,495552.0,996934.0,49145.0,2205648.0,745813.0,1470160.0,2779089.0,2948148.0
Espírito Santo,2010,953828.0,1653474.0,11185.0,1161.0,466619.0,42716.0,3510895.0,3230141.0,567231.0,1317359.0,41711.0,2663980.0,838290.0,1579130.0,3232604.0,3396207.0
Espírito Santo,2011,1046052.0,1920080.0,59574.0,1193.0,577279.0,44685.0,4010134.0,3673648.0,617148.0,1536089.0,108573.0,3154567.0,932626.0,1841416.0,3761496.0,4027142.0
Espírito Santo,2012,1136076.0,2202840.0,66834.0,1457.0,694660.0,51699.0,5179461.0,4784629.0,793084.0,1700740.0,79738.0,3654454.0,1179317.0,2675237.0,4878077.0,5203230.0
Espírito Santo,2013,1041813.0,2233972.0,86546.0,1394.0,818478.0,51535.0,5239484.0,4817842.0,938086.0,1672305.0,91525.0,3984971.0,1402662.0,2569193.0,4803165.0,5053150.0
Espírito Santo,2014,1341674.0,2539745.0,11689.0,1431.0,886677.0,49193.0,5942070.0,5419280.0,1147387.0,1971394.0,25133.0,4595591.0,1712387.0,2748418.0,5288163.0,5535059.0
Espírito Santo,2015,1049693.0,2120994.0,15790.0,1556.0,777941.0,40964.0,5449259.0,4964947.0,981038.0,1627962.0,36706.0,3931758.0,1489149.0,2723068.0,4844062.0,5130663.0
Espírito Santo,2016,930071.0,1915562.0,14313.0,1147.0,797982.0,32486.0,4383546.0,4031107.0,816620.0,1440274.0,35664.0,3517111.0,1243191.0,2077679.0,3993241.0,4183079.0
Espírito Santo,2017,894048.0,1758607.0,12886.0,1081.0,710038.0,28854.0,4175823.0,3884596.0,716307.0,1353950.0,36459.0,3230702.0,1130255.0,1964913.0,3723520.0,3931791.0
Espírito Santo,2018,801797.0,1755849.0,689.0,976.0,586897.0,30481.0,4178546.0,3837309.0,782660.0,1521649.0,28497.0,3336944.0,1199901.0,1852539.0,3608387.0,3888049.0
Espírito Santo,2019,804119.0,1974125.0,28357.0,1142.0,642942.0,32285.0,5057865.0,4654804.0,833649.0,1443150.0,173775.0,3525387.0,1265521.0,2314115.0,4288240.0,4580936.0
Espírito Santo,2020,985104.0,2287018.0,12610.0,1153.0,768678.0,36637.0,6237110.0,5752158.0,919093.0,1745205.0,198396.0,4110790.0,1398511.0,3159768.0,5446787.0,5749356.0
Espírito Santo,2021,1338071.0,2713059.0,2862.0,1177.0,908904.0,34910.0,6198002.0,5714880.0,1019589.0,2165513.0,16813.0,4648046.0,1556816.0,2651105.0,5364164.0,5680663.0
Espírito Santo,2022,1401600.0,3188419.0,534.0,1226.0,1224673.0,37928.0,6990520.0,6384316.0,1250934.0,2389264.0,3302.0,5490075.0,1872836.0,3019912.0,6208330.0,6451381.0
Goiás,2007,710577.0,1440219.0,33130.0,786.0,492976.0,35767.0,2892820.0,2697157.0,424133.0,1092188.0,70375.0,2299747.0,644207.0,1305084.0,2745303.0,2903243.0
Goiás,2008,937228.0,1829943.0,27658.0,879.0,575664.0,42497.0,3598853.0,3346474.0,515845.0,1453493.0,58463.0,2865244.0,777625.0,1716506.0,3546449.0,3740354.0
Goiás,2009,1105212.0,2052759.0,59158.0,1030.0,681433.0,52968.0,4943584.0,4603744.0,651399.0,1643697.0,118815.0,3403059.0,959115.0,2317999.0,4370758.0,4730445.0
Goiás,2010,1495040.0,2847778.0,53124.0,1319.0,943183.0,70898.0,6382243.0,5976044.0,1009791.0,2271435.0,114726.0,4822204.0,1492860.0,3391991.0,6239769.0,6431352.0
Goiás,2011,1859812.0,3354800.0,60931.0,1753.0,1408966.0,77603.0,7694012.0,7133640.0,1301696.0,2636074.0,93223.0,6022930.0,1884667.0,3946651.0,7301451.0,7730071.0
Goiás,2012,2023068.0,3621034.0,84246.0,1743.0,1192406.0,82408.0,8360222.0,7745006.0,1472684.0,2906953.0,164310.0,6413860.0,2150191.0,4257581.0,7878615.0,8441924.0
Goiás,2013,2195338.0,4151667.0,168258.0,2020.0,1437709.0,84085.0,9286555.0,8665211.0,1673130.0,3144385.0,205443.0,7262192.0,2474655.0,4544803.0,8696470.0,9176171.0
Goiás,2014,2704016.0,5000359.0,107275.0,2052.0,2002957.0,77845.0,11692204.0,10865179.0,1962547.0,4022093.0,159900.0,9077286.0,2892337.0,5797259.0,10797618.0,11591901.0
Goiás,2015,2271677.0,4054768.0,86776.0,2040.0,1932467.0,62647.0,9429720.0,8633760.0,1726876.0,3331304.0,132293.0,7879032.0,2482968.0,4845061.0,8899830.0,9668620.0
Goiás,2016,2008150.0,3896162.0,62493.0,1779.0,1397762.0,56882.0,8879224.0,8085667.0,1564196.0,3207528.0,186618.0,7100520.0,2308612.0,3981057.0,7877219.0,8740648.0
Goiás,2017,1761118.0,3563019.0,89205.0,1828.0,1600931.0,52586.0,8038268.0,7372413.0,1440717.0,2572092.0,219413.0,6507257.0,2114820.0,3746111.0,7309129.0,7804325.0
Goiás,2018,1678475.0,3393714.0,29843.0,1804.0,1815851.0,48987.0,8251469.0,7563636.0,1402719.0,2516734.0,86467.0,6449270.0,2030218.0,4053335.0,7447049.0,7905723.0
Goiás,2019,1761779.0,3556737.0,19033.0,1738.0,1561283.0,47952.0,8133782.0,7409956.0,1272967.0,2929302.0,55805.0,6436821.0,1890431.0,3859354.0,7416090.0,8055730.0
Goiás,2020,1895499.0,4330315.0,50610.0,1964.0,2053178.0,52263.0,9723039.0,8978060.0,1431110.0,3090886.0,166765.0,7412951.0,2102122.0,4126316.0,8456631.0,8945503.0
Goiás,2021,2517084.0,5184686.0,93883.0,2176.0,1928647.0,56759.0,11812827.0,10950650.0,1711830.0,3982434.0,182572.0,8538430.0,2444777.0,5358269.0,10542955.0,11180543.0
Goiás,2022,2641245.0,5949902.0,10510.0,2274.0,2871492.0,62050.0,13101894.0,12036618.0,1969050.0,4576750.0,105923.0,10439379.0,2885214.0,5669037.0,11618939.0,12513894.0
Maranhão,2007,249518.0,365858.0,244.0,290.0,129045.0,24117.0,898135.0,812292.0,141736.0,314860.0,245.0,633880.0,189730.0,445677.0,811535.0,865388.0
Maranhão,2008,298656.0,497606.0,13406.0,313.0,162978.0,21087.0,1179721.0,1094402.0,174418.0,387364.0,17798.0,814707.0,246568.0,568420.0,1066025.0,1065481.0
Maranhão,2009,368541.0,658895.0,1808.0,420.0,246271.0,25874.0,1542799.0,1426424.0,225542.0,510127.0,1946.0,1077636.0,319293.0,792659.0,1451554.0,1423264.0
Maranhão,2010,690180.0,1160272.0,819.0,430.0,432216.0,40387.0,2662420.0,2453780.0,447336.0,933871.0,819.0,2004790.0,637884.0,1228891.0,2389163.0,2424713.0
Maranhão,2011,591489.0,1083375.0,34793.0,489.0,403353.0,42203.0,2512242.0,2339406.0,478012.0,829818.0,37794.0,1947864.0,676900.0,1275061.0,2358437.0,2419707.0
Maranhão,2012,829697.0,1416292.0,22383.0,546.0,428851.0,46989.0,3263912.0,3036737.0,503536.0,1154318.0,22892.0,2310663.0,704601.0,1576253.0,2992545.0,3155779.0
Maranhão,2013,876747.0,1627519.0,1381.0,611.0,508323.0,40557.0,3573078.0,3367302.0,604816.0,1296341.0,30829.0,2726633.0,891140.0,1886481.0,3514001.0,3591794.0
Maranhão,2014,950609.0,1725468.0,3264.0,628.0,551734.0,39685.0,4214333.0,3962709.0,718417.0,1406777.0,30116.0,3006562.0,1017934.0,2181245.0,3906713.0,4025940.0
Maranhão,2015,817891.0,1555503.0,52627.0,653.0,505546.0,35564.0,3708444.0,3388827.0,702738.0,1220963.0,83710.0,2819815.0,1009595.0,1925674.0,3481177.0,3710075.0
Maranhão,2016,600872.0,1404132.0,19542.0,614.0,639807.0,32574.0,3612941.0,3315288.0,671749.0,1048478.0,35505.0,2719652.0,995862.0,1811909.0,3216041.0,3493418.0
Maranhão,2017,790970.0,1538369.0,15285.0,600.0,574229.0,38168.0,3990347.0,3655268.0,813007.0,1201833.0,24169.0,2974009.0,1173779.0,2271177.0,3809546.0,4090552.0
Maranhão,2018,662269.0,1535013.0,112.0,569.0,618141.0,34145.0,3959263.0,3617838.0,768119.0,1110231.0,34661.0,2916009.0,1152976.0,1891312.0,3426325.0,3734795.0
Maranhão,2019,490938.0,1239912.0,0.0,520.0,576538.0,31843.0,3461054.0,3198120.0,712975.0,927024.0,378.0,2595067.0,1091126.0,1983313.0,3223225.0,3500909.0
Maranhão,2020,1160274.0,2057519.0,29.0,544.0,665582.0,35620.0,4730368.0,4264816.0,812811.0,1727854.0,736.0,3556406.0,1162234.0,2485275.0,4542794.0,4988335.0
Maranhão,2021,1223231.0,2772417.0,0.0,539.0,813437.0,40713.0,5851945.0,5401041.0,982196.0,2267845.0,365.0,4513492.0,1431845.0,2850946.0,5623363.0,6035093.0
Maranhão,2022,2082893.0,3786067.0,0.0,677.0,1163749.0,44836.0,8195115.0,7509950.0,1214040.0,3133755.0,0.0,6166400.0,1868897.0,3517456.0,7303523.0,7881714.0
Mato Grosso,2007,326010.0,658934.0,7881.0,364.0,195096.0,17919.0,1332017.0,1246682.0,172889.0,535712.0,9437.0,988184.0,247939.0,592962.0,1251896.0,1292896.0
Mato Grosso,2008,454445.0,843186.0,1395.0,476.0,253325.0,19855.0,1888262.0,1772510.0,261761.0,717270.0,3281.0,1353310.0,379435.0,968754.0,1811940.0,1859088.0
Mato Grosso,2009,578090.0,1116697.0,10035.0,542.0,333980.0,20662.0,2188410.0,2057154.0,278284.0,913613.0,18357.0,1670953.0,405002.0,916046.0,2032743.0,2127572.0
Mato Grosso,2010,680778.0,1246483.0,32132.0,688.0,382404.0,25434.0,2509677.0,2355698.0,344986.0,1007747.0,33376.0,1912035.0,488508.0,1159208.0,2405692.0,2465798.0
Mato Grosso,2011,817033.0,1389135.0,6538.0,848.0,380636.0,28931.0,2810199.0,2613653.0,467083.0,1203152.0,8104.0,2227952.0,636060.0,1223472.0,2612607.0,2794692.0
Mato Grosso,2012,826789.0,1444873.0,15333.0,956.0,360788.0,32977.0,3237509.0,3013390.0,585873.0,1209655.0,19825.0,2393247.0,802979.0,1613659.0,3058533.0,3216199.0
Mato Grosso,2013,1062641.0,1969705.0,24388.0,1032.0,529999.0,37745.0,4227557.0,3980063.0,713800.0,1648642.0,34368.0,3238706.0,1025698.0,2023863.0,3993568.0,4103919.0
Mato Grosso,2014,1101461.0,2338770.0,31841.0,1164.0,758376.0,35274.0,4990947.0,4642440.0,850900.0,1874311.0,40017.0,3865159.0,1192455.0,2461884.0,4800654.0,5048550.0
Mato Grosso,2015,1022581.0,1910184.0,6552.0,1180.0,600578.0,28191.0,4194942.0,3895919.0,704125.0,1543934.0,22754.0,3127293.0,960026.0,1998665.0,3908849.0,4141191.0
Mato Grosso,2016,900598.0,1722300.0,3395.0,1122.0,599669.0,26068.0,3632027.0,3333964.0,666292.0,1357096.0,45629.0,2913079.0,910686.0,1795412.0,3517712.0,3768659.0
Mato Grosso,2017,688225.0,1414190.0,150.0,965.0,551381.0,22176.0,3257708.0,3009330.0,565293.0,1124840.0,25047.0,2500720.0,799452.0,1649571.0,3063761.0,3258809.0
Mato Grosso,2018,805228.0,1632545.0,216.0,1024.0,579200.0,23916.0,3547688.0,3295833.0,599953.0,1328053.0,13981.0,2754314.0,833081.0,1726318.0,3358863.0,3512542.0
Mato Grosso,2019,868243.0,1776162.0,0.0,930.0,509080.0,21251.0,3800680.0,3462729.0,622764.0,1551721.0,51399.0,2985235.0,873036.0,1637994.0,3414156.0,3798158.0
Mato Grosso,2020,1009199.0,2255448.0,20160.0,1182.0,652027.0,24269.0,4875213.0,4473739.0,664917.0,1792186.0,106178.0,3464433.0,914041.0,2175631.0,4431079.0,4724222.0
Mato Grosso,2021,1468362.0,3016060.0,5914.0,1184.0,778680.0,29238.0,6094587.0,5428908.0,773762.0,2440237.0,66903.0,4369518.0,1083698.0,2231302.0,5247362.0,5819256.0
Mato Grosso,2022,1399787.0,3121230.0,11597.0,1369.0,1072114.0,31270.0,6817078.0,6145156.0,997580.0,2378739.0,81941.0,4931050.0,1398255.0,2829735.0,5950964.0,6487323.0
Mato Grosso do Sul,2007,265651.0,468281.0,7097.0,355.0,134884.0,17781.0,943535.0,883437.0,138208.0,369968.0,8321.0,713136.0,199964.0,442275.0,910556.0,906283.0
Mato Grosso do Sul,2008,401607.0,745011.0,2038.0,413.0,238185.0,19709.0,1403912.0,1315199.0,218132.0,568196.0,2265.0,1132376.0,323730.0,636795.0,1381806.0,1385323.0
Mato Grosso do Sul,2009,403636.0,707349.0,388.0,450.0,186583.0,19538.0,1492361.0,1385258.0,230752.0,595758.0,395.0,1115162.0,332426.0,683252.0,1390601.0,1427202.0
Mato Grosso do Sul,2010,569451.0,1006830.0,3053.0,501.0,257235.0,21450.0,1988693.0,1853005.0,271192.0,831466.0,7688.0,1481915.0,385526.0,812444.0,1819274.0,1859049.0
Mato Grosso do Sul,2011,539854.0,983947.0,8393.0,637.0,282231.0,24310.0,2126847.0,1969767.0,345233.0,820588.0,10730.0,1612654.0,499106.0,1044702.0,2028649.0,2040079.0
Mato Grosso do Sul,2012,622760.0,1179064.0,7959.0,669.0,356696.0,25181.0,2535954.0,2334081.0,395310.0,943229.0,15910.0,1892288.0,576453.0,1135252.0,2314316.0,2390953.0
Mato Grosso do Sul,2013,636201.0,1272080.0,4512.0,720.0,382142.0,29594.0,2652160.0,2466013.0,459490.0,1020211.0,15320.0,2082310.0,664637.0,1150997.0,2423076.0,2496901.0
Mato Grosso do Sul,2014,759933.0,1405847.0,4309.0,791.0,400942.0,25698.0,3065336.0,2831726.0,503400.0,1122351.0,42745.0,2271844.0,705805.0,1423112.0,2828959.0,2996276.0
Mato Grosso do Sul,2015,582738.0,1093187.0,274.0,778.0,313194.0,21292.0,2539830.0,2350760.0,470936.0,886454.0,30609.0,1883852.0,653595.0,1200136.0,2293323.0,2425037.0
Mato Grosso do Sul,2016,494428.0,1027811.0,1295.0,716.0,351678.0,18739.0,2562107.0,2364706.0,484007.0,796758.0,11944.0,1819845.0,659465.0,1272293.0,2300104.0,2452699.0
Mato Grosso do Sul,2017,464464.0,899335.0,141.0,647.0,281767.0,16433.0,2209854.0,2026570.0,450737.0,720152.0,17928.0,1646536.0,626690.0,1081470.0,1980805.0,2080711.0
Mato Grosso do Sul,2018,447125.0,955063.0,2791.0,675.0,314124.0,17710.0,2331765.0,2135601.0,429295.0,751596.0,14483.0,1692885.0,612684.0,1158257.0,2113319.0,2248185.0
Mato Grosso do Sul,2019,536809.0,1073247.0,9304.0,620.0,344801.0,16172.0,2611456.0,2405414.0,450911.0,844350.0,17224.0,1837338.0,630963.0,1281857.0,2355104.0,2486400.0
Mato Grosso do Sul,2020,575626.0,1178825.0,1197.0,690.0,400068.0,17636.0,2876708.0,2640789.0,469270.0,901857.0,15664.0,1986252.0,668663.0,1357851.0,2536676.0,2684556.0
Mato Grosso do Sul,2021,846536.0,1585119.0,2946.0,711.0,481767.0,18137.0,3463826.0,3158558.0,494019.0,1231998.0,7131.0,2428888.0,707992.0,1448117.0,3033236.0,3213217.0
Mato Grosso do Sul,2022,750459.0,1598691.0,47434.0,698.0,505762.0,17256.0,3757338.0,3386607.0,581216.0,1244537.0,78839.0,2843260.0,1014122.0,1636821.0,3235511.0,3481291.0
Minas Gerais,2007,3514575.0,8380673.0,13375.0,3446.0,3756230.0,212934.0,16348942.0,15347049.0,2544826.0,5890699.0,32409.0,13492133.0,3812796.0,6884909.0,15265582.0,16102527.0
Minas Gerais,2008,4155950.0,11289753.0,11178.0,3639.0,5768986.0,240622.0,21299936.0,19824029.0,3462900.0,7698780.0,33056.0,18748835.0,5248013.0,8797013.0,20086766.0,21417044.0
Minas Gerais,2009,4357475.0,11863014.0,59153.0,4270.0,6033087.0,268896.0,25119933.0,23574649.0,4106877.0,8077149.0,89466.0,20677817.0,6478114.0,11611959.0,23474972.0,24910779.0
Minas Gerais,2010,6585442.0,15825504.0,73473.0,5016.0,7600716.0,306161.0,31564486.0,29505770.0,5206972.0,11146418.0,148746.0,26918088.0,8022207.0,13090342.0,28915846.0,30825774.0
Minas Gerais,2011,6312889.0,16245788.0,167406.0,6416.0,7359959.0,326144.0,34867122.0,32248375.0,6202842.0,12122562.0,269096.0,29181912.0,9430294.0,15691389.0,31937176.0,34433201.0
Minas Gerais,2012,7833317.0,20681835.0,70746.0,6965.0,9252504.0,360365.0,43073659.0,39857615.0,8405974.0,15169268.0,183441.0,37031997.0,12426783.0,18709944.0,39391779.0,42803989.0
Minas Gerais,2013,7853473.0,20155653.0,147414.0,6419.0,9080859.0,362155.0,43705166.0,40539201.0,8755000.0,14263323.0,231686.0,36958270.0,13382402.0,20100299.0,40255952.0,42883935.0
Minas Gerais,2014,8597841.0,22738843.0,185452.0,7432.0,10987329.0,343840.0,48613037.0,44270097.0,8978577.0,15839179.0,369720.0,40327861.0,13131633.0,20279345.0,43018188.0,47379659.0
Minas Gerais,2015,7052412.0,17878793.0,105518.0,7655.0,9460454.0,291451.0,41778677.0,37813703.0,8785761.0,12563383.0,229407.0,35035009.0,12781766.0,18594770.0,36473563.0,40148550.0
Minas Gerais,2016,5948638.0,15089478.0,86190.0,7058.0,6997809.0,235230.0,34100748.0,31259148.0,6774849.0,11387177.0,276137.0,28722645.0,10061522.0,15857769.0,30947247.0,33574850.0
Minas Gerais,2017,4807707.0,12826162.0,53688.0,6549.0,6772572.0,228469.0,29507954.0,27100131.0,6344557.0,9824422.0,177738.0,26190194.0,9415462.0,14982903.0,27809066.0,30431047.0
Minas Gerais,2018,5440940.0,14033217.0,90650.0,6324.0,7384665.0,248374.0,32704191.0,29849962.0,6583341.0,10947227.0,281763.0,28366987.0,9753333.0,14495541.0,28528758.0,31664682.0
Minas Gerais,2019,6760501.0,18030590.0,88248.0,6843.0,7974917.0,262730.0,39620665.0,36754907.0,7629327.0,13998373.0,264487.0,33594214.0,11356437.0,17803784.0,35834374.0,38964026.0
Minas Gerais,2020,7757750.0,20171255.0,144130.0,7193.0,10330600.0,289953.0,46507684.0,42477379.0,8371290.0,15314067.0,293060.0,38630287.0,12692560.0,20016261.0,40187516.0,44949893.0
Minas Gerais,2021,11447678.0,25992624.0,294214.0,7808.0,10856699.0,309482.0,55303752.0,50728480.0,9818740.0,20047525.0,474039.0,46197311.0,14819048.0,24005229.0,49997853.0,54923971.0
Minas Gerais,2022,10851917.0,28224145.0,436246.0,8444.0,14019176.0,314529.0,60312547.0,55447274.0,11228316.0,20948855.0,815465.0,52791957.0,17008462.0,26729830.0,54953976.0,60006615.0
Paraná,2007,1458961.0,3077079.0,112656.0,2123.0,1044899.0,71378.0,6538743.0,6167617.0,872391.0,2303018.0,145712.0,4788024.0,1294396.0,3232875.0,6309954.0,6477898.0
Paraná,2008,1953566.0,3665662.0,21191.0,2265.0,1060256.0,83067.0,7383157.0,6908709.0,1079400.0,2971330.0,48679.0,5704008.0,1623742.0,3297524.0,6963187.0,7215847.0
Paraná,2009,2227513.0,4714999.0,42301.0,2694.0,1547494.0,97219.0,10036767.0,9381208.0,1536576.0,3742095.0,61332.0,7658820.0,2307898.0,4404655.0,9119654.0,9585341.0
Paraná,2010,2726882.0,5699877.0,46776.0,3418.0,2210640.0,113603.0,11471352.0,10673793.0,1807618.0,4492215.0,95209.0,9498530.0,2700467.0,4993775.0,10693653.0,11174166.0
Paraná,2011,3476879.0,7286064.0,95849.0,4033.0,2529585.0,124022.0,14940950.0,14017803.0,2124798.0,5534094.0,169213.0,11457244.0,3224352.0,6474832.0,13760896.0,14422475.0
Paraná,2012,3870538.0,7797472.0,65986.0,4693.0,2471587.0,139999.0,17132530.0,16071959.0,2779076.0,6346192.0,144558.0,13206616.0,4244279.0,8064824.0,15862297.0,16693512.0
Paraná,2013,3727990.0,8468440.0,82129.0,4818.0,2773381.0,144873.0,17956492.0,16702554.0,2999045.0,6696459.0,193088.0,14198039.0,4535111.0,8116020.0,16584460.0,17476478.0
Paraná,2014,5029134.0,10428059.0,98486.0,5654.0,3241517.0,150425.0,22159101.0,20629361.0,3924789.0,8658602.0,174736.0,17759386.0,5684531.0,9879650.0,20307709.0,21338620.0
Paraná,2015,3820378.0,8991655.0,114077.0,5532.0,3475435.0,130102.0,19354447.0,17928247.0,3705843.0,6782741.0,567115.0,16273992.0,5448701.0,8884278.0,17875934.0,19085537.0
Paraná,2016,3873972.0,8015918.0,13908.0,4702.0,3927796.0,109512.0,18651933.0,17251947.0,3157129.0,6139016.0,106980.0,15076784.0,4902992.0,9089657.0,17105575.0,17925079.0
Paraná,2017,3836251.0,7699089.0,7097.0,4637.0,3068817.0,98425.0,18200572.0,16832608.0,3159111.0,5909691.0,135788.0,13879278.0,4764982.0,7976994.0,15676083.0,16529830.0
Paraná,2018,5011844.0,9570013.0,65007.0,5013.0,3096453.0,107490.0,19747777.0,18165537.0,3024837.0,7729709.0,237965.0,15565029.0,4500902.0,8086852.0,17656865.0,18795017.0
Paraná,2019,5060283.0,9724939.0,30426.0,4896.0,3074485.0,111720.0,20413449.0,18879866.0,3296541.0,7704273.0,160070.0,15798789.0,4859961.0,8370257.0,18095196.0,19123019.0
Paraná,2020,5600773.0,12436237.0,271460.0,5432.0,3966824.0,117474.0,25093102.0,22854561.0,3647969.0,8911353.0,1286735.0,19658601.0,5493689.0,10142316.0,22578553.0,23861624.0
Paraná,2021,6327370.0,13372816.0,56472.0,5769.0,4634622.0,131135.0,27437571.0,25448045.0,4395420.0,10559814.0,226017.0,22120139.0,6699686.0,12680336.0,26053152.0,26907294.0
Paraná,2022,6829371.0,14462764.0,164927.0,5748.0,4837418.0,128039.0,28388314.0,26339950.0,4900674.0,11565658.0,431974.0,24158430.0,7323380.0,11083047.0,25545812.0,26923974.0
Paraíba,2007,160362.0,253584.0,6962.0,379.0,84073.0,13127.0,630161.0,586804.0,90652.0,201176.0,7151.0,423527.0,131127.0,313599.0,567183.0,580460.0
Paraíba,2008,218379.0,309368.0,644.0,402.0,85977.0,16391.0,822307.0,769459.0,121908.0,264356.0,1033.0,529073.0,177707.0,403414.0,712782.0,758652.0
Paraíba,2009,323129.0,440793.0,495.0,521.0,105428.0,19787.0,1080169.0,1016549.0,168631.0,390814.0,639.0,736971.0,240090.0,527097.0,967890.0,1000467.0
Paraíba,2010,470443.0,664855.0,883.0,629.0,191164.0,27562.0,1672118.0,1567889.0,236412.0,562635.0,45510.0,1134815.0,335506.0,831055.0,1495910.0,1549565.0
Paraíba,2011,582015.0,804039.0,2487.0,893.0,208089.0,34254.0,2240567.0,2064547.0,342043.0,712990.0,2542.0,1419484.0,495863.0,949398.0,1753437.0,1933280.0
Paraíba,2012,669184.0,995746.0,1930.0,952.0,309724.0,36753.0,2611935.0,2441105.0,456541.0,834747.0,1966.0,1809022.0,662585.0,1347629.0,2343375.0,2437655.0
Paraíba,2013,751444.0,1092079.0,842.0,1009.0,324449.0,39305.0,2872547.0,2683700.0,518779.0,920040.0,1025.0,2002639.0,757125.0,1306727.0,2398806.0,2578649.0
Paraíba,2014,853533.0,1188753.0,5690.0,1172.0,300979.0,40093.0,3325892.0,3127320.0,618961.0,1064305.0,8631.0,2224255.0,850341.0,1114237.0,2302990.0,2512611.0
Paraíba,2015,941684.0,1347515.0,2416.0,1228.0,337985.0,34593.0,3489347.0,3241235.0,594099.0,1204842.0,2481.0,2370425.0,825117.0,1537473.0,2884988.0,3126578.0
Paraíba,2016,805790.0,1161159.0,6630.0,1126.0,298018.0,30681.0,3338175.0,3086540.0,602244.0,1051806.0,9149.0,2193446.0,834473.0,1512913.0,2674072.0,2895461.0
Paraíba,2017,690107.0,1103838.0,14990.0,1096.0,374674.0,27407.0,3011706.0,2727721.0,557667.0,885465.0,20218.0,2057946.0,777589.0,1675484.0,2779322.0,2950014.0
Paraíba,2018,746982.0,1084386.0,4590.0,1025.0,310357.0,26346.0,3060067.0,2821020.0,544492.0,971219.0,16155.0,2056266.0,758535.0,1735554.0,2819940.0,2832402.0
Paraíba,2019,666046.0,1045276.0,3507.0,914.0,380281.0,23925.0,2752145.0,2520885.0,473344.0,871241.0,14017.0,1925224.0,659685.0,1478480.0,2523756.0,2671500.0
Paraíba,2020,669322.0,1333321.0,15659.0,958.0,666458.0,25002.0,3663413.0,3406992.0,539205.0,927200.0,27661.0,2363100.0,741781.0,1826666.0,3159987.0,3418069.0
Paraíba,2021,1036322.0,1697739.0,15469.0,1029.0,1117127.0,26751.0,4508765.0,4244426.0,580888.0,1487256.0,23125.0,3427507.0,799999.0,1547502.0,3245241.0,3573540.0
Paraíba,2022,1052699.0,1664620.0,22199.0,1214.0,500228.0,31051.0,4155247.0,3884221.0,755832.0,1365725.0,30036.0,2962232.0,1066243.0,1778499.0,3443119.0,3711193.0
Pará,2007,416126.0,816883.0,19031.0,550.0,289715.0,32376.0,1712969.0,1572004.0,314056.0,616430.0,19915.0,1376666.0,450605.0,740465.0,1557348.0,1674631.0
Pará,2008,550626.0,998414.0,6190.0,558.0,329771.0,30807.0,2075866.0,1909499.0,350704.0,797937.0,9685.0,1661866.0,524472.0,994651.0,1993065.0,2099925.0
Pará,2009,426574.0,967529.0,15618.0,572.0,392008.0,32666.0,2113024.0,1948461.0,390740.0,686156.0,23992.0,1686914.0,584759.0,1073425.0,2040954.0,2121556.0
Pará,2010,596203.0,1146413.0,4709.0,637.0,473327.0,39395.0,2584951.0,2388848.0,473245.0,846846.0,6294.0,2019142.0,692674.0,1238720.0,2385133.0,2526104.0
Pará,2011,793773.0,1329311.0,8018.0,725.0,407840.0,48715.0,3176523.0,2911333.0,603617.0,1099035.0,8338.0,2411350.0,896137.0,1575947.0,2905258.0,3137255.0
Pará,2012,1066552.0,1782540.0,2101.0,763.0,620962.0,49901.0,4234611.0,3884019.0,753341.0,1428813.0,42568.0,3190138.0,1097795.0,2141788.0,3924328.0,4208927.0
Pará,2013,1271079.0,2354161.0,9089.0,831.0,880819.0,52694.0,5270007.0,4885352.0,904435.0,1842635.0,17221.0,4113000.0,1372325.0,2509157.0,4863318.0,5216800.0
Pará,2014,1281439.0,2334973.0,4267.0,956.0,768653.0,50984.0,5538025.0,5058583.0,976828.0,1876003.0,6622.0,4088074.0,1436796.0,2804179.0,5139152.0,5518476.0
Pará,2015,1058913.0,2017229.0,0.0,959.0,761229.0,40095.0,4940799.0,4508665.0,912395.0,1608283.0,21049.0,3717965.0,1327404.0,2642904.0,4660133.0,5015597.0
Pará,2016,851018.0,1549569.0,16444.0,691.0,522163.0,31840.0,3715078.0,3402813.0,739602.0,1248386.0,38438.0,2898924.0,1089937.0,1836327.0,3385895.0,3642615.0
Pará,2017,660124.0,1346534.0,6212.0,799.0,480684.0,33802.0,3725223.0,3355619.0,756070.0,1135979.0,21635.0,2730093.0,1091794.0,2022481.0,3369016.0,3715244.0
Pará,2018,925621.0,2104243.0,4523.0,805.0,828838.0,35816.0,5140427.0,4580540.0,918140.0,1562515.0,17451.0,3764124.0,1355319.0,2388148.0,4492390.0,4950580.0
Pará,2019,697023.0,1909599.0,2904.0,647.0,787540.0,30974.0,4513170.0,4075497.0,766580.0,1437275.0,27489.0,3412968.0,1160665.0,2098868.0,4008467.0,4337938.0
Pará,2020,1136460.0,2289903.0,4368.0,619.0,733347.0,34037.0,5808224.0,5296672.0,884792.0,1829665.0,9600.0,3884755.0,1312143.0,2609988.0,4899891.0,5360236.0
Pará,2021,1411981.0,2972547.0,9775.0,826.0,1259048.0,42482.0,7076438.0,6454771.0,1045740.0,2239776.0,22666.0,5077686.0,1556197.0,3192814.0,6165361.0,6692314.0
Pará,2022,1659995.0,4150250.0,19014.0,1011.0,1661819.0,40129.0,8625487.0,7816617.0,1337452.0,2947855.0,36263.0,6596215.0,1950277.0,3513711.0,7663961.0,8292632.0
Pernambuco,2007,593194.0,1120889.0,57082.0,959.0,341287.0,47988.0,2600006.0,2419755.0,444656.0,856436.0,64750.0,1908427.0,645955.0,1462297.0,2583186.0,2619577.0
Pernambuco,2008,726845.0,1368792.0,10522.0,909.0,386601.0,54283.0,3244093.0,3017655.0,550833.0,1135256.0,12721.0,2341746.0,807169.0,1720284.0,3089076.0,3186307.0
Pernambuco,2009,958348.0,1726553.0,26593.0,984.0,507561.0,64788.0,4020231.0,3729446.0,690598.0,1384274.0,34315.0,2961466.0,1035316.0,2111669.0,3838222.0,4057886.0
Pernambuco,2010,1398816.0,2586102.0,18138.0,1136.0,662582.0,71864.0,5506003.0,5076710.0,872132.0,2106327.0,46548.0,4128667.0,1313210.0,2640836.0,5226939.0,5520395.0
Pernambuco,2011,1789253.0,3381086.0,11878.0,1429.0,926245.0,93055.0,6963125.0,6457335.0,1299202.0,2665727.0,188099.0,5684095.0,1904024.0,3232698.0,6613785.0,7002689.0
Pernambuco,2012,1743927.0,3371149.0,14146.0,1397.0,1135759.0,88331.0,7899254.0,7346516.0,1453744.0,2669878.0,24722.0,5983615.0,2153256.0,3990765.0,7361914.0,7712850.0
Pernambuco,2013,2198895.0,3937801.0,39709.0,1609.0,1255663.0,94335.0,8742696.0,8067140.0,1693143.0,3065110.0,60924.0,6904271.0,2522574.0,4259649.0,8197450.0,8576694.0
Pernambuco,2014,2073642.0,3818064.0,8806.0,1614.0,1437831.0,89648.0,8627733.0,7969465.0,1775987.0,3076642.0,17618.0,7190054.0,2657963.0,4402641.0,8220705.0,8738289.0
Pernambuco,2015,1508293.0,3160631.0,40017.0,1556.0,1417656.0,76521.0,7902620.0,7205448.0,1722091.0,2390478.0,86642.0,6397763.0,2502987.0,4636974.0,7797605.0,8426261.0
Pernambuco,2016,1454344.0,2857162.0,46709.0,1820.0,1304046.0,68391.0,7386558.0,6762562.0,1545111.0,2210952.0,104675.0,5881116.0,2261443.0,3832935.0,6690097.0,7219436.0
Pernambuco,2017,1525180.0,2981010.0,43714.0,1604.0,2002417.0,60327.0,7545786.0,6972245.0,1371113.0,2267832.0,151915.0,6462831.0,2040667.0,4006075.0,6987085.0,7555346.0
Pernambuco,2018,1532789.0,2765707.0,34172.0,1345.0,1380588.0,49352.0,6495493.0,5935652.0,1257909.0,2153793.0,83115.0,5477253.0,1859757.0,3501035.0,6266742.0,6703133.0
Pernambuco,2019,1333020.0,2513601.0,17580.0,1502.0,1321728.0,48395.0,6236162.0,5710089.0,1284175.0,1920446.0,44263.0,5155286.0,1868850.0,3256074.0,5769675.0,6104541.0
Pernambuco,2020,1477424.0,2601484.0,16922.0,1468.0,1069048.0,47689.0,6633077.0,6066986.0,1142037.0,2257609.0,55640.0,5052710.0,1670412.0,3352675.0,5954160.0,6628415.0
Pernambuco,2021,2155563.0,3806163.0,27442.0,1584.0,1175276.0,51323.0,7952911.0,7388961.0,1250690.0,2999998.0,136931.0,6156164.0,1843959.0,3522996.0,7329159.0,7505602.0
Pernambuco,2022,2203749.0,4083260.0,54965.0,1725.0,1443715.0,61476.0,9311447.0,8616848.0,1660658.0,3262436.0,79563.0,7232047.0,2446333.0,4145453.0,8228713.0,8965886.0
Piauí,2007,157755.0,277166.0,2561.0,205.0,89670.0,11790.0,625135.0,590484.0,81600.0,220490.0,11914.0,440667.0,118593.0,303989.0,581155.0,614364.0
Piauí,2008,256906.0,414931.0,7865.0,238.0,91226.0,15394.0,845403.0,796648.0,115577.0,348645.0,11069.0,613737.0,162797.0,428453.0,843384.0,879222.0
Piauí,2009,346725.0,645898.0,2665.0,307.0,219481.0,23937.0,1332328.0,1250119.0,190952.0,501453.0,2681.0,995512.0,271897.0,599814.0,1245712.0,1275398.0
Piauí,2010,494045.0,855645.0,42.0,313.0,237429.0,24742.0,1789134.0,1684329.0,251371.0,709322.0,4167.0,1327444.0,376526.0,823432.0,1679077.0,1761488.0
Piauí,2011,393541.0,674144.0,11360.0,350.0,166636.0,25977.0,1642846.0,1559854.0,263558.0,578889.0,19228.0,1153970.0,389218.0,936122.0,1610266.0,1674853.0
Piauí,2012,446148.0,743412.0,518.0,362.0,158771.0,28686.0,1836440.0,1732011.0,328073.0,675098.0,518.0,1314502.0,480116.0,973406.0,1716818.0,1801156.0
Piauí,2013,701554.0,1110383.0,2428.0,392.0,272352.0,35297.0,2396395.0,2268375.0,446785.0,949412.0,3056.0,1885119.0,660299.0,1140055.0,2250437.0,2355572.0
Piauí,2014,860865.0,1438600.0,15.0,484.0,444296.0,32069.0,3058455.0,2877751.0,553263.0,1146136.0,20.0,2364215.0,773763.0,1519124.0,2957723.0,3129040.0
Piauí,2015,642454.0,1071017.0,1433.0,467.0,385735.0,23567.0,2447872.0,2292351.0,508651.0,830748.0,1544.0,1962620.0,744593.0,1217303.0,2288320.0,2424671.0
Piauí,2016,553469.0,909587.0,2688.0,399.0,227179.0,17268.0,2265332.0,2124772.0,392603.0,803928.0,8007.0,1602314.0,563200.0,1096233.0,2005820.0,2137110.0
Piauí,2017,457959.0,807912.0,11.0,381.0,329098.0,15439.0,2116702.0,1999022.0,366150.0,638549.0,3257.0,1492198.0,521293.0,1101543.0,1909455.0,2022937.0
Piauí,2018,647785.0,970590.0,1311.0,499.0,300433.0,15099.0,2241237.0,2109416.0,316187.0,798086.0,5190.0,1546707.0,442999.0,1072792.0,2043382.0,2133510.0
Piauí,2019,417662.0,799955.0,0.0,491.0,284331.0,14028.0,1737464.0,1637755.0,290908.0,612699.0,1138.0,1301042.0,402874.0,862737.0,1662692.0,1687771.0
Piauí,2020,436525.0,750068.0,664.0,447.0,309593.0,13122.0,2088770.0,1959017.0,245943.0,606319.0,1876.0,1262622.0,344834.0,1223675.0,1973743.0,2062543.0
Piauí,2021,755173.0,1159531.0,2654.0,576.0,289746.0,15550.0,2579643.0,2362377.0,301038.0,986333.0,4409.0,1701733.0,421245.0,1141732.0,2301263.0,2456490.0
Piauí,2022,771124.0,1380453.0,4784.0,630.0,446224.0,14363.0,3039841.0,2810265.0,335957.0,1126924.0,11849.0,2057279.0,472282.0,1331974.0,2712427.0,2891780.0
Rio Grande do Norte,2007,265721.0,423205.0,142.0,427.0,153867.0,17979.0,971296.0,906260.0,135618.0,339823.0,296.0,694963.0,200977.0,468718.0,891923.0,935898.0
Rio Grande do Norte,2008,413336.0,669319.0,12455.0,521.0,252449.0,21357.0,1330706.0,1242078.0,184191.0,527146.0,14591.0,1070868.0,276682.0,638114.0,1307433.0,1402035.0
Rio Grande do Norte,2009,472478.0,760472.0,16170.0,642.0,323274.0,21126.0,1772270.0,1644777.0,208450.0,615538.0,31283.0,1285812.0,315716.0,819211.0,1579683.0,1693303.0
Rio Grande do Norte,2010,633720.0,1175933.0,50341.0,657.0,343803.0,29114.0,2343443.0,2193730.0,296237.0,931772.0,92343.0,1810261.0,442343.0,1113453.0,2289386.0,2406163.0
Rio Grande do Norte,2011,773750.0,1291215.0,49040.0,774.0,461323.0,31815.0,2531699.0,2375923.0,393775.0,1003687.0,70913.0,2127257.0,591334.0,1299047.0,2590262.0,2697744.0
Rio Grande do Norte,2012,705392.0,1328550.0,16599.0,798.0,524855.0,37210.0,2981033.0,2766989.0,501668.0,1079560.0,37236.0,2383708.0,742056.0,1667443.0,2995993.0,3222402.0
Rio Grande do Norte,2013,971566.0,1813148.0,26039.0,867.0,795688.0,36601.0,4435080.0,4199825.0,603128.0,1352256.0,29674.0,3083016.0,905398.0,1867560.0,3680708.0,3921021.0
Rio Grande do Norte,2014,974614.0,1723946.0,7327.0,1037.0,841980.0,40977.0,3989654.0,3702521.0,675721.0,1285055.0,10468.0,3101300.0,963797.0,2012256.0,3736202.0,4007037.0
Rio Grande do Norte,2015,826839.0,1485742.0,26987.0,962.0,640403.0,34420.0,3304277.0,3082450.0,643164.0,1117187.0,67131.0,2743574.0,918853.0,2270525.0,3756267.0,3971263.0
Rio Grande do Norte,2016,851739.0,1689972.0,74697.0,914.0,614021.0,22703.0,3415264.0,3059961.0,533954.0,1145671.0,216130.0,2748633.0,772810.0,1619275.0,3309247.0,3582504.0
Rio Grande do Norte,2017,504339.0,1128949.0,56857.0,855.0,513822.0,22234.0,2685739.0,2510230.0,487908.0,677175.0,152518.0,2055218.0,711702.0,1524370.0,2653319.0,2759070.0
Rio Grande do Norte,2018,520351.0,1505084.0,47536.0,764.0,550337.0,20453.0,3049538.0,2859960.0,445492.0,889249.0,335276.0,2418333.0,643471.0,1425584.0,2930668.0,3030341.0
Rio Grande do Norte,2019,844467.0,1463711.0,10395.0,723.0,552373.0,19964.0,2856360.0,2668416.0,479888.0,1110891.0,107096.0,2447736.0,677376.0,1313633.0,2777344.0,2960472.0
Rio Grande do Norte,2020,560315.0,1256142.0,42786.0,795.0,488407.0,22579.0,2805669.0,2584516.0,416157.0,923269.0,92488.0,2157884.0,653721.0,1381802.0,2637944.0,2788763.0
Rio Grande do Norte,2021,1153662.0,2057104.0,86262.0,867.0,638335.0,21390.0,3908594.0,3620868.0,524668.0,1556187.0,226937.0,3208577.0,787118.0,1455180.0,3512284.0,3769086.0
Rio Grande do Norte,2022,1697529.0,2888818.0,20000.0,809.0,1158474.0,24832.0,4974677.0,4614750.0,694676.0,2208463.0,150814.0,4556759.0,1039009.0,1490994.0,4379812.0,4663340.0
Rio Grande do Sul,2007,1092798.0,2149594.0,174249.0,2567.0,790794.0,68033.0,4834652.0,4504237.0,721877.0,1550098.0,260024.0,3656154.0,1055237.0,2205003.0,4354597.0,4599766.0
Rio Grande do Sul,2008,1471822.0,2812534.0,55516.0,2824.0,1025412.0,76431.0,6048794.0,5566151.0,942353.0,2241594.0,106226.0,4780603.0,1407370.0,2756962.0,5569496.0,5837461.0
Rio Grande do Sul,2009,1663501.0,3405764.0,15869.0,3195.0,1339003.0,99995.0,7354920.0,6840191.0,1178213.0,2737336.0,32728.0,5840881.0,1731815.0,3710078.0,7115842.0,7221136.0
Rio Grande do Sul,2010,2347748.0,4641263.0,60516.0,3523.0,1481457.0,98942.0,9824131.0,9140967.0,1450081.0,3784499.0,110425.0,7506670.0,2130289.0,4469197.0,9110460.0,9408519.0
Rio Grande do Sul,2011,2567533.0,4853991.0,117056.0,4346.0,1749979.0,111605.0,10796467.0,10073216.0,1881371.0,3816704.0,190701.0,8486040.0,2728655.0,5384258.0,10238250.0,10623123.0
Rio Grande do Sul,2012,2926348.0,5941831.0,169373.0,5079.0,2179571.0,125489.0,14275314.0,13419102.0,2219244.0,4728037.0,267087.0,10468232.0,3293537.0,7529812.0,13471643.0,13933664.0
Rio Grande do Sul,2013,3581234.0,6679879.0,198988.0,5210.0,2070860.0,125065.0,14455638.0,13444170.0,2565975.0,5380765.0,298129.0,11471566.0,3721812.0,6532756.0,13212635.0,14025556.0
Rio Grande do Sul,2014,3597226.0,6717545.0,187905.0,5752.0,2380032.0,128244.0,16003698.0,14842168.0,2854559.0,5461559.0,321872.0,12192501.0,4029038.0,7711136.0,14428680.0,15328517.0
Rio Grande do Sul,2015,3677183.0,7709881.0,342657.0,5820.0,2841061.0,117393.0,16885765.0,15449593.0,2864078.0,5681335.0,783167.0,13277880.0,3972316.0,7966605.0,15676486.0,16738878.0
Rio Grande do Sul,2016,2861062.0,6268305.0,337549.0,5494.0,2503469.0,105547.0,14478667.0,13273680.0,3042563.0,4816031.0,490715.0,12142599.0,4332385.0,7190046.0,13458351.0,14482816.0
Rio Grande do Sul,2017,2526106.0,6155584.0,248414.0,4668.0,2391476.0,92550.0,13347105.0,12308622.0,2639664.0,4443877.0,638389.0,11226635.0,3752893.0,5879915.0,12035499.0,12868808.0
Rio Grande do Sul,2018,2968366.0,7400570.0,222570.0,5086.0,2351196.0,91060.0,14960202.0,13737046.0,2555310.0,5540357.0,643112.0,12243376.0,3708711.0,5523210.0,12923780.0,13633197.0
Rio Grande do Sul,2019,3249466.0,6743930.0,176766.0,5259.0,2161838.0,91171.0,14933686.0,13736721.0,2719827.0,5153925.0,592579.0,11748378.0,3840037.0,7082537.0,13826467.0,14575926.0
Rio Grande do Sul,2020,4780398.0,8476055.0,57871.0,5108.0,2433158.0,88544.0,18379992.0,17058882.0,2673774.0,6981978.0,211025.0,13428896.0,3802736.0,7298530.0,15774585.0,16632077.0
Rio Grande do Sul,2021,4244690.0,9027261.0,181775.0,5018.0,2627042.0,97697.0,20228312.0,18698397.0,2998922.0,6823479.0,1014980.0,14835431.0,4369930.0,9491040.0,18518301.0,19326973.0
Rio Grande do Sul,2022,4269178.0,9580325.0,181088.0,5297.0,3773809.0,98867.0,22084480.0,20313257.0,3503894.0,7274948.0,656644.0,16743702.0,5038300.0,9489129.0,19069454.0,20053839.0
Rio de Janeiro,2007,2963425.0,7756546.0,28504.0,2546.0,3285883.0,172042.0,17108254.0,15798651.0,2463902.0,5483281.0,78222.0,12571339.0,3723954.0,7992586.0,15749132.0,16588824.0
Rio de Janeiro,2008,3520472.0,8923969.0,116445.0,2475.0,4531963.0,189334.0,21277263.0,19577185.0,3143511.0,6289129.0,228855.0,15886261.0,4836313.0,9936704.0,18860673.0,19873979.0
Rio de Janeiro,2009,4368311.0,11263114.0,33183.0,2734.0,6526713.0,221763.0,26553620.0,24325311.0,4546339.0,7188426.0,146766.0,20761088.0,6899183.0,12511213.0,23774327.0,25182949.0
Rio de Janeiro,2010,5450638.0,16404718.0,189375.0,3111.0,7057820.0,263502.0,32811698.0,30480474.0,5694366.0,11578505.0,807451.0,28035227.0,8591451.0,14093068.0,30497786.0,32140476.0
Rio de Janeiro,2011,7380658.0,18492986.0,154430.0,3636.0,7927164.0,294865.0,38004018.0,35426706.0,6782128.0,13659553.0,414340.0,32370284.0,10369227.0,16996134.0,35489120.0,37079797.0
Rio de Janeiro,2012,7792021.0,20741988.0,46119.0,3942.0,9565090.0,312230.0,42470955.0,39709751.0,8359705.0,14987671.0,420515.0,37702737.0,12729461.0,19855033.0,40597021.0,42000465.0
Rio de Janeiro,2013,8191247.0,21425217.0,90142.0,4433.0,10527266.0,311185.0,43261519.0,39948643.0,9004174.0,14458898.0,360528.0,39147356.0,13800663.0,19108315.0,40533531.0,42013930.0
Rio de Janeiro,2014,8017537.0,21147462.0,82543.0,4837.0,12619986.0,304034.0,43286621.0,39909807.0,9525942.0,14039936.0,171653.0,40646940.0,13815364.0,19410594.0,40558056.0,42408487.0
Rio de Janeiro,2015,7330788.0,19173907.0,46610.0,4728.0,15222577.0,237427.0,37896139.0,34962977.0,8049607.0,13347815.0,270870.0,41097464.0,12256202.0,17731184.0,36905090.0,38487448.0
Rio de Janeiro,2016,5263160.0,14069820.0,71100.0,4071.0,15287334.0,167925.0,29343409.0,27066648.0,5893089.0,9042533.0,689189.0,34370838.0,9351783.0,13312697.0,27382517.0,28101513.0
Rio de Janeiro,2017,2491100.0,8889808.0,119365.0,3516.0,8692537.0,151371.0,21167371.0,19307838.0,5226820.0,5995921.0,339984.0,22822438.0,7793995.0,10998105.0,19887914.0,21330846.0
Rio de Janeiro,2018,2918436.0,7889845.0,122395.0,3324.0,6219585.0,148208.0,20978865.0,19048654.0,4978130.0,5347201.0,264512.0,19287839.0,7456754.0,11324903.0,19214747.0,20919315.0
Rio de Janeiro,2019,3478360.0,8827014.0,124357.0,3457.0,5637354.0,148498.0,21957361.0,19710661.0,5108438.0,6122324.0,358092.0,19901187.0,7783417.0,10827382.0,19654396.0,21621274.0
Rio de Janeiro,2020,3040514.0,8435433.0,58187.0,3589.0,6478490.0,139910.0,22313991.0,20234083.0,4814155.0,5429245.0,220658.0,19592868.0,7464474.0,11016552.0,19451986.0,20940971.0
Rio de Janeiro,2021,4702479.0,10515783.0,173896.0,3484.0,5776926.0,150471.0,27580182.0,25418964.0,5405405.0,8065427.0,354266.0,22418954.0,8222334.0,13294166.0,23809949.0,26215483.0
Rio de Janeiro,2022,4915519.0,13288125.0,159854.0,3611.0,7473335.0,155817.0,31344389.0,28674431.0,5831533.0,9016225.0,443379.0,25974398.0,9041459.0,13300779.0,26588904.0,28651679.0
Rondônia,2007,62218.0,99411.0,2429.0,192.0,16208.0,3923.0,217622.0,204130.0,31889.0,88030.0,4855.0,154494.0,45401.0,117158.0,216568.0,222070.0
Rondônia,2008,93726.0,135667.0,0.0,179.0,30287.0,6317.0,352836.0,329665.0,50354.0,124458.0,10.0,224932.0,70177.0,210017.0,345684.0,355440.0
Rondônia,2009,161675.0,259106.0,2501.0,242.0,57427.0,8964.0,547391.0,510531.0,83658.0,218043.0,2501.0,402140.0,124169.0,318525.0,577631.0,601293.0
Rondônia,2010,249050.0,451394.0,19192.0,293.0,152152.0,9770.0,1020060.0,955060.0,143144.0,318885.0,23399.0,708020.0,213583.0,485667.0,937061.0,985405.0
Rondônia,2011,285142.0,501184.0,2678.0,358.0,129320.0,9371.0,993922.0,940562.0,149388.0,405374.0,13668.0,772872.0,224510.0,525065.0,1026249.0,1059866.0
Rondônia,2012,217644.0,455848.0,437.0,339.0,117254.0,10808.0,990823.0,926073.0,172991.0,377942.0,9331.0,755602.0,251074.0,660922.0,1116770.0,1133307.0
Rondônia,2013,250590.0,511155.0,8819.0,368.0,163566.0,10775.0,961385.0,883645.0,166065.0,380561.0,17790.0,799092.0,237175.0,522906.0,1034062.0,1106058.0
Rondônia,2014,193155.0,358238.0,2558.0,347.0,133776.0,9726.0,1048405.0,960187.0,169795.0,289585.0,3617.0,669952.0,242973.0,705726.0,1063964.0,1145904.0
Rondônia,2015,154128.0,263555.0,66.0,384.0,77975.0,6746.0,840022.0,780561.0,143062.0,232147.0,2157.0,502492.0,190213.0,595996.0,859551.0,911355.0
Rondônia,2016,154618.0,252716.0,1046.0,325.0,119518.0,6826.0,772614.0,696103.0,138036.0,208313.0,9340.0,515701.0,178529.0,459801.0,712517.0,782770.0
Rondônia,2017,137971.0,236317.0,0.0,264.0,88240.0,6489.0,784273.0,712322.0,140738.0,191689.0,202.0,470700.0,190569.0,469715.0,706032.0,727988.0
Rondônia,2018,132533.0,271569.0,0.0,274.0,78799.0,6510.0,787232.0,705222.0,167071.0,238301.0,3155.0,546578.0,226322.0,429325.0,700893.0,745857.0
Rondônia,2019,141996.0,296320.0,29.0,272.0,80969.0,5584.0,808379.0,726907.0,142450.0,245581.0,8304.0,524040.0,189185.0,374826.0,671146.0,720837.0
Rondônia,2020,185530.0,321044.0,50.0,296.0,106194.0,5172.0,954205.0,870573.0,136475.0,272274.0,10603.0,565942.0,176871.0,512855.0,833898.0,887655.0
Rondônia,2021,143394.0,260040.0,19.0,289.0,108418.0,5390.0,706686.0,635343.0,151047.0,202993.0,37.0,510780.0,199333.0,386798.0,646837.0,686589.0
Rondônia,2022,199350.0,376274.0,0.0,286.0,142227.0,5737.0,1068987.0,999131.0,163920.0,305670.0,89.0,665114.0,217128.0,391937.0,768211.0,801943.0
Roraima,2007,24867.0,38810.0,381.0,69.0,12200.0,2084.0,127261.0,116622.0,14778.0,39046.0,481.0,72454.0,20727.0,75196.0,114005.0,122400.0
Roraima,2008,35579.0,51302.0,90.0,72.0,7589.0,2615.0,137877.0,129197.0,21008.0,46909.0,249.0,81968.0,27221.0,78054.0,129356.0,138140.0
Roraima,2009,56941.0,89821.0,0.0,86.0,12990.0,4157.0,241567.0,219062.0,26571.0,83229.0,0.0,132401.0,36182.0,129537.0,219358.0,238882.0
Roraima,2010,88466.0,141157.0,306.0,81.0,24395.0,2981.0,332094.0,307258.0,37017.0,129119.0,307.0,202727.0,48905.0,162559.0,303716.0,325942.0
Roraima,2011,51191.0,72554.0,1697.0,78.0,14989.0,3136.0,240778.0,224636.0,31800.0,64397.0,1999.0,123994.0,42610.0,137483.0,210037.0,223046.0
Roraima,2012,70800.0,112337.0,30.0,72.0,29400.0,3368.0,303181.0,283072.0,48321.0,97580.0,30.0,192238.0,65228.0,170475.0,282812.0,286813.0
Roraima,2013,89736.0,127461.0,65.0,76.0,27074.0,3417.0,357413.0,338697.0,51224.0,115991.0,365.0,214704.0,71274.0,212119.0,339580.0,352611.0
Roraima,2014,95796.0,139223.0,0.0,88.0,34152.0,3202.0,486331.0,451535.0,55912.0,126898.0,56.0,236245.0,75140.0,298854.0,438077.0,464159.0
Roraima,2015,48104.0,89451.0,0.0,99.0,30885.0,2814.0,309378.0,282343.0,53750.0,75156.0,216.0,180187.0,73930.0,175692.0,265143.0,284891.0
Roraima,2016,94362.0,140528.0,231.0,82.0,31290.0,2611.0,341644.0,314989.0,52949.0,118874.0,2358.0,223821.0,71299.0,186204.0,326732.0,346593.0
Roraima,2017,119472.0,158671.0,0.0,76.0,53429.0,2958.0,489045.0,448500.0,64669.0,146847.0,1051.0,287319.0,85992.0,263324.0,421995.0,457730.0
Roraima,2018,78712.0,129066.0,39.0,70.0,28836.0,2471.0,390095.0,358966.0,77519.0,114627.0,197.0,252814.0,109154.0,175299.0,304365.0,331258.0
Roraima,2019,95982.0,146646.0,128.0,82.0,30766.0,2516.0,409294.0,373618.0,53842.0,128905.0,378.0,237035.0,76986.0,198986.0,345632.0,378196.0
Roraima,2020,96222.0,153032.0,0.0,54.0,38895.0,2462.0,473185.0,418709.0,59299.0,125746.0,0.0,246426.0,81785.0,154813.0,307845.0,359363.0
Roraima,2021,157595.0,243505.0,2492.0,80.0,65206.0,2747.0,509135.0,475994.0,52815.0,193260.0,2666.0,327745.0,66613.0,215050.0,458556.0,488113.0
Roraima,2022,171649.0,304050.0,2688.0,82.0,77020.0,3449.0,717067.0,662310.0,80516.0,249318.0,11601.0,446334.0,108394.0,329236.0,633286.0,685244.0
Santa Catarina,2007,932106.0,1792335.0,23896.0,1878.0,607141.0,48059.0,3725694.0,3485181.0,508848.0,1510822.0,47333.0,2892763.0,727467.0,1750228.0,3542563.0,3618091.0
Santa Catarina,2008,1434276.0,2410188.0,38593.0,1980.0,722929.0,56631.0,4842942.0,4524081.0,632222.0,1995716.0,59050.0,3662190.0,884494.0,2242076.0,4652264.0,4780816.0
Santa Catarina,2009,1413269.0,2571984.0,11002.0,2202.0,793955.0,63648.0,5621291.0,5222936.0,774961.0,2101419.0,82656.0,4092857.0,1114827.0,2473842.0,5045826.0,5290499.0
Santa Catarina,2010,2085767.0,4011452.0,44374.0,2953.0,1276304.0,85245.0,8538900.0,7994767.0,1191193.0,3472334.0,51301.0,6440610.0,1640670.0,3927672.0,7939123.0,8229095.0
Santa Catarina,2011,2171327.0,4317075.0,43481.0,3298.0,1515040.0,83532.0,9480339.0,8782749.0,1298311.0,3321092.0,342885.0,7022620.0,1843604.0,4732212.0,9049287.0,9111359.0
Santa Catarina,2012,3010756.0,5480866.0,89266.0,4056.0,1837375.0,94608.0,11038278.0,10231827.0,1645016.0,4457348.0,154060.0,8753032.0,2304249.0,5540402.0,11021267.0,11289905.0
Santa Catarina,2013,2520277.0,4976518.0,206717.0,4283.0,1593366.0,98992.0,11101308.0,10294940.0,1864581.0,3849024.0,296667.0,8408487.0,2669430.0,5038674.0,10015192.0,10251269.0
Santa Catarina,2014,3717919.0,6758539.0,109969.0,4753.0,1977997.0,102993.0,14183257.0,13033498.0,2346866.0,5623017.0,239387.0,11017085.0,3176685.0,5662546.0,12421085.0,13271886.0
Santa Catarina,2015,3033398.0,6191117.0,200731.0,4435.0,2346753.0,91542.0,13744253.0,12539954.0,2413469.0,4493440.0,421693.0,10509695.0,3247809.0,6173295.0,12364412.0,13084335.0
Santa Catarina,2016,3005559.0,5722449.0,190871.0,4285.0,2019805.0,87600.0,13758630.0,12664267.0,2232873.0,4705464.0,327971.0,10072542.0,3019302.0,5752574.0,11475023.0,12109732.0
Santa Catarina,2017,3294509.0,7275583.0,121187.0,4209.0,2665147.0,85985.0,14960262.0,13720317.0,2374023.0,4686057.0,1532159.0,12152560.0,3269197.0,5694952.0,12970535.0,13614346.0
Santa Catarina,2018,2731783.0,5249349.0,72842.0,4110.0,1608340.0,77515.0,12066078.0,11039603.0,2213553.0,4000103.0,437719.0,9074134.0,3027972.0,5193153.0,10442502.0,10986085.0
Santa Catarina,2019,3114799.0,6223252.0,91946.0,4445.0,2045127.0,85805.0,13944435.0,12796426.0,2411470.0,4510657.0,646383.0,10533966.0,3331799.0,5568639.0,11791892.0,12348792.0
Santa Catarina,2020,3678876.0,7232585.0,127930.0,4757.0,2235244.0,86958.0,15820621.0,14496568.0,2584357.0,5402934.0,428627.0,11589509.0,3522704.0,6314667.0,13547252.0,14139740.0
Santa Catarina,2021,5227829.0,9296295.0,137086.0,5314.0,2714716.0,99477.0,20122780.0,18646918.0,3089087.0,7493434.0,375342.0,14811637.0,4228144.0,7573302.0,16869597.0,17618448.0
Santa Catarina,2022,5086699.0,9913263.0,328058.0,5488.0,3082533.0,102229.0,21046476.0,19353222.0,3665924.0,7677569.0,648698.0,16478148.0,5069348.0,9006132.0,18919395.0,19575191.0
Sergipe,2007,233569.0,427317.0,26988.0,241.0,95370.0,14863.0,834357.0,774133.0,108830.0,350157.0,49755.0,651202.0,155921.0,339149.0,766466.0,805993.0
Sergipe,2008,233142.0,341577.0,1002.0,254.0,131885.0,16199.0,867114.0,800208.0,170056.0,292954.0,1513.0,673233.0,246880.0,396585.0,738162.0,777252.0
Sergipe,2009,313536.0,599475.0,10735.0,224.0,301104.0,19602.0,1271819.0,1179384.0,198381.0,452690.0,10833.0,1062663.0,298035.0,764873.0,1364349.0,1316044.0
Sergipe,2010,412830.0,769763.0,12013.0,265.0,236501.0,22436.0,1554396.0,1435793.0,242062.0,669559.0,12920.0,1266669.0,347689.0,646146.0,1415909.0,1541538.0
Sergipe,2011,498887.0,987476.0,5411.0,374.0,467007.0,27641.0,2045579.0,1917003.0,342310.0,809810.0,5972.0,1790774.0,507986.0,890285.0,1877761.0,1998193.0
Sergipe,2012,552002.0,1198912.0,2406.0,303.0,471388.0,24364.0,2511847.0,2386486.0,496900.0,1100953.0,4145.0,2319931.0,743444.0,1201104.0,2400015.0,2653141.0
Sergipe,2013,524591.0,1009408.0,55.0,385.0,485430.0,26457.0,2377033.0,2231447.0,435118.0,832682.0,39077.0,2004629.0,647440.0,1284848.0,2294256.0,2475387.0
Sergipe,2014,687437.0,1270986.0,1817.0,422.0,509892.0,30454.0,2789803.0,2638506.0,516484.0,1137983.0,6024.0,2433371.0,779473.0,1325803.0,2596789.0,2636385.0
Sergipe,2015,577867.0,1113169.0,5957.0,467.0,482201.0,28287.0,2638007.0,2424737.0,517977.0,950167.0,12445.0,2194801.0,749989.0,1431797.0,2544966.0,2786552.0
Sergipe,2016,515300.0,1054292.0,4988.0,452.0,674732.0,18766.0,2786462.0,2562055.0,397439.0,937675.0,19150.0,2201200.0,569643.0,1457686.0,2511977.0,2785062.0
Sergipe,2017,332516.0,701818.0,8507.0,359.0,545799.0,15800.0,1647659.0,1503050.0,369570.0,554850.0,26796.0,1656703.0,529258.0,865621.0,1567439.0,1735662.0
Sergipe,2018,458874.0,867279.0,1545.0,377.0,497499.0,14643.0,1882615.0,1699306.0,328772.0,678116.0,51690.0,1699651.0,472346.0,804967.0,1672247.0,1841857.0
Sergipe,2019,316870.0,611666.0,16512.0,293.0,288789.0,13033.0,1566089.0,1454448.0,322929.0,440529.0,69183.0,1248571.0,450070.0,648143.0,1259808.0,1355635.0
Sergipe,2020,317435.0,646949.0,7434.0,349.0,389972.0,12425.0,1749835.0,1624029.0,382743.0,486347.0,31814.0,1436820.0,528686.0,868021.0,1514970.0,1641753.0
Sergipe,2021,382635.0,753944.0,10684.0,407.0,400132.0,12786.0,1787213.0,1678917.0,303480.0,555613.0,51779.0,1432065.0,424541.0,783258.0,1537202.0,1594849.0
Sergipe,2022,354534.0,736395.0,25779.0,393.0,402661.0,15490.0,2119627.0,1967683.0,411866.0,516448.0,63446.0,1548281.0,565726.0,985123.0,1721517.0,1872124.0
São Paulo,2007,8288701.0,22566779.0,468677.0,8289.0,9763154.0,483797.0,48959124.0,45571817.0,7346645.0,15799777.0,711273.0,37454925.0,11180721.0,23362755.0,45929534.0,47413950.0
São Paulo,2008,11834011.0,30270908.0,393697.0,9004.0,12542025.0,544429.0,59693864.0,55186198.0,9947077.0,21739460.0,676173.0,50023526.0,15065868.0,25506195.0,55777103.0,58811007.0
São Paulo,2009,13856727.0,36854627.0,286941.0,10443.0,14725772.0,613521.0,73725987.0,67999685.0,12084231.0,26404499.0,1017726.0,60717249.0,18569253.0,31868862.0,68723488.0,72143184.0
São Paulo,2010,19999479.0,48753257.0,773951.0,11813.0,18436250.0,700340.0,95017705.0,88271171.0,15735548.0,35327860.0,2155151.0,80047151.0,24127890.0,40610520.0,89363777.0,93268087.0
São Paulo,2011,19239547.0,47736075.0,1132047.0,13832.0,20463638.0,731719.0,93502668.0,86936743.0,18022172.0,32852155.0,2573579.0,83179120.0,27289749.0,45220023.0,92956098.0,96403624.0
São Paulo,2012,22136362.0,56645207.0,962176.0,15054.0,24269663.0,773125.0,111656728.0,103814013.0,21037969.0,39371135.0,1966666.0,97818219.0,32210755.0,51343624.0,107988831.0,113047646.0
São Paulo,2013,24021098.0,60088037.0,1174829.0,16341.0,24826870.0,796749.0,123075739.0,114411851.0,23533060.0,43141082.0,2012623.0,106424738.0,36444162.0,58219490.0,118307527.0,122439699.0
São Paulo,2014,24576651.0,62687956.0,961992.0,16732.0,29117470.0,752829.0,127242698.0,117052585.0,25009405.0,44240458.0,2362338.0,112910647.0,37190381.0,58618858.0,121306814.0,128390682.0
São Paulo,2015,19092923.0,51016062.0,603949.0,16165.0,27395652.0,636093.0,106227486.0,97422681.0,21970404.0,34550522.0,2632827.0,96821577.0,32242576.0,51984153.0,103000215.0,110430479.0
São Paulo,2016,16249609.0,43452028.0,285525.0,15057.0,23054984.0,508468.0,89853874.0,81984149.0,17774083.0,30244309.0,1657186.0,81575280.0,26618801.0,43664720.0,87116748.0,94016726.0
São Paulo,2017,14374707.0,37690818.0,301266.0,14421.0,21025389.0,487002.0,79731245.0,73178712.0,16242968.0,26034874.0,1585803.0,72928726.0,24282662.0,40547798.0,78238616.0,83564486.0
São Paulo,2018,14537478.0,38851055.0,499416.0,15623.0,25095305.0,487594.0,88013938.0,81029534.0,16776225.0,28500959.0,1344027.0,79733949.0,24793866.0,37235916.0,76086971.0,81883527.0
São Paulo,2019,15125485.0,41553804.0,482143.0,15288.0,39474615.0,497944.0,89653940.0,81840244.0,17989550.0,29798677.0,1708654.0,97749598.0,26767652.0,37896825.0,79450628.0,85072846.0
São Paulo,2020,14899864.0,41124430.0,593755.0,15793.0,30247259.0,538859.0,92427871.0,84378318.0,18670718.0,28310891.0,1740575.0,87831743.0,27533018.0,42643382.0,83767812.0,89337105.0
São Paulo,2021,17584091.0,48386460.0,1084591.0,16746.0,35392132.0,583939.0,107854568.0,98749618.0,22074770.0,33271552.0,2947577.0,104067065.0,32455804.0,50228975.0,98615435.0,106345532.0
São Paulo,2022,24628492.0,62962504.0,1477525.0,17535.0,37078996.0,634413.0,132348507.0,121425698.0,25463748.0,43619319.0,4427863.0,122753769.0,37627590.0,51692933.0,114655437.0,123799565.0
Tocantins,2007,60981.0,153660.0,1211.0,147.0,189461.0,5114.0,555339.0,513316.0,47500.0,101168.0,1467.0,359635.0,67539.0,362371.0,516031.0,555033.0
Tocantins,2008,88382.0,164685.0,1019.0,153.0,47446.0,5095.0,444958.0,418058.0,51729.0,137674.0,2344.0,261129.0,73665.0,253891.0,418576.0,442735.0
Tocantins,2009,73429.0,191416.0,5581.0,163.0,71208.0,6581.0,618273.0,574052.0,65331.0,136043.0,7667.0,307141.0,92223.0,392294.0,583709.0,621494.0
Tocantins,2010,138370.0,278437.0,7134.0,203.0,96061.0,7281.0,762938.0,697112.0,98260.0,231581.0,8199.0,474074.0,138233.0,435114.0,713551.0,773938.0
Tocantins,2011,151205.0,270643.0,244.0,247.0,108844.0,7367.0,697272.0,652548.0,104860.0,225130.0,2442.0,485137.0,148721.0,385728.0,656371.0,704368.0
Tocantins,2012,229873.0,368606.0,73.0,230.0,128534.0,8287.0,816202.0,763419.0,114461.0,312068.0,3435.0,605285.0,161248.0,305828.0,674434.0,724439.0
Tocantins,2013,358030.0,600491.0,3059.0,258.0,180794.0,10962.0,1304739.0,1225039.0,178163.0,517060.0,4508.0,965503.0,263142.0,530633.0,1131125.0,1177332.0
Tocantins,2014,357999.0,643745.0,27.0,327.0,163830.0,11138.0,1482085.0,1386791.0,214094.0,559365.0,675.0,1023474.0,299604.0,581668.0,1225413.0,1301777.0
Tocantins,2015,270632.0,525299.0,2515.0,341.0,236030.0,11014.0,1583067.0,1472089.0,231321.0,392315.0,27827.0,973103.0,316931.0,638652.0,1163950.0,1255973.0
Tocantins,2016,188166.0,466241.0,22317.0,287.0,182609.0,8829.0,1175962.0,1092676.0,212497.0,318968.0,62381.0,859603.0,295646.0,418120.0,884361.0,973869.0
Tocantins,2017,267847.0,527737.0,15980.0,262.0,230048.0,7377.0,1173149.0,1098135.0,177456.0,360970.0,69465.0,916939.0,256456.0,507147.0,1034885.0,1107989.0
Tocantins,2018,176037.0,487051.0,3548.0,278.0,220874.0,7568.0,1138413.0,1059695.0,200243.0,324387.0,18688.0,851956.0,288008.0,501087.0,988138.0,1043236.0
Tocantins,2019,173902.0,353793.0,0.0,230.0,123107.0,4898.0,811363.0,742395.0,128723.0,268929.0,1647.0,578077.0,184394.0,352430.0,706224.0,760347.0
Tocantins,2020,185909.0,369859.0,6063.0,284.0,154440.0,5689.0,799157.0,730370.0,134102.0,261023.0,6863.0,606294.0,183968.0,343653.0,713512.0,788916.0
Tocantins,2021,215811.0,424240.0,0.0,297.0,135513.0,5662.0,1088786.0,1006008.0,144757.0,341540.0,0.0,687405.0,210351.0,580730.0,1004970.0,1076580.0
Tocantins,2022,312957.0,607476.0,498.0,248.0,288752.0,6226.0,1418291.0,1288981.0,174026.0,515560.0,937.0,1048818.0,243569.0,617486.0,1224961.0,1285939.0
